"NKE","ADDYY","UA","Dates","date"
58.102974,52.664989,41.207508,"2016-03-23",2016-03-23
57.367851,52.683403,40.581947,"2016-03-24",2016-03-24
57.079376,52.867516,40.581947,"2016-03-28",2016-03-28
57.21896,53.263351,40.581947,"2016-03-29",2016-03-29
57.730755,54.414043,41.703983,"2016-03-30",2016-03-30
57.200344,53.751244,41.425957,"2016-03-31",2016-03-31
57.312012,53.852505,40.8004,"2016-04-01",2016-04-01
55.804527,54.220726,40.462795,"2016-04-04",2016-04-04
55.52536,53.751244,40.8004,"2016-04-05",2016-04-05
56.120922,54.699417,41.505394,"2016-04-06",2016-04-06
56.111614,53.788067,41.267086,"2016-04-07",2016-04-07
55.292747,53.80648,43.709747,"2016-04-08",2016-04-08
53.896915,53.530312,41.167789,"2016-04-11",2016-04-11
54.483154,54.156284,41.356449,"2016-04-12",2016-04-12
55.441628,54.036617,41.505394,"2016-04-13",2016-04-13
55.357872,54.469276,41.932365,"2016-04-14",2016-04-14
55.367191,54.055031,41.703983,"2016-04-15",2016-04-15
55.43232,55.52792,42.121025,"2016-04-18",2016-04-18
55.423016,56.761459,42.696938,"2016-04-19",2016-04-19
55.478851,55.896141,42.45863,"2016-04-20",2016-04-20
55.906898,55.279362,45.407696,"2016-04-21",2016-04-21
55.302044,55.472687,44.742416,"2016-04-22",2016-04-22
55.097324,55.969784,43.948055,"2016-04-25",2016-04-25
55.404404,56.034225,43.64024,"2016-04-26",2016-04-26
55.15316,59.19173,41.862858,"2016-04-27",2016-04-27
54.473869,59.072052,41.594761,"2016-04-28",2016-04-28
54.846077,59.421871,40.512444,"2016-04-29",2016-04-29
55.450928,60.53574,39.986179,"2016-05-02",2016-05-02
55.385792,60.222752,39.837234,"2016-05-03",2016-05-03
55.004269,59.80851,37.126476,"2016-05-04",2016-05-04
54.14817,59.108875,37.225773,"2016-05-05",2016-05-05
54.371494,60.020226,36.123592,"2016-05-06",2016-05-06
54.64135,59.836117,36.054089,"2016-05-09",2016-05-09
55.088028,59.818378,36.292397,"2016-05-10",2016-05-10
53.050133,60.313137,34.981701,"2016-05-11",2016-05-11
53.96207,59.276951,34.941982,"2016-05-12",2016-05-12
53.3293,57.428635,34.465363,"2016-05-13",2016-05-13
53.171108,57.923386,34.296562,"2016-05-16",2016-05-16
53.133892,57.764698,34.227055,"2016-05-17",2016-05-17
52.221954,57.708683,33.978817,"2016-05-18",2016-05-18
53.078053,57.363285,34.604378,"2016-05-19",2016-05-19
52.556953,59.034252,35.329231,"2016-05-20",2016-05-20
52.10099,59.585011,34.584518,"2016-05-23",2016-05-23
52.659309,59.790382,35.329231,"2016-05-24",2016-05-24
52.10099,59.594341,35.229939,"2016-05-25",2016-05-25
51.961403,60.415817,34.673885,"2016-05-26",2016-05-26
52.287086,59.939735,34.812897,"2016-05-27",2016-05-27
51.38448,59.603676,34.723534,"2016-05-31",2016-05-31
51.114605,60.509167,33.482342,"2016-06-01",2016-06-01
50.890629,61.031925,33.978817,"2016-06-02",2016-06-02
49.88271,61.890743,33.919243,"2016-06-03",2016-06-03
50.675987,62.282814,34.157551,"2016-06-06",2016-06-06
49.976032,63.365662,34.951912,"2016-06-07",2016-06-07
50.507992,63.552357,36.18317,"2016-06-08",2016-06-08
51.273262,63.160294,35.885284,"2016-06-09",2016-06-09
51.431931,62.292145,35.537754,"2016-06-10",2016-06-10
51.245262,61.620033,34.68,"2016-06-13",2016-06-13
50.507992,60.434486,34.400002,"2016-06-14",2016-06-14
50.685307,60.443825,34.77,"2016-06-15",2016-06-15
49.901375,61.059933,33.48,"2016-06-16",2016-06-16
50.125355,62.11478,34.139999,"2016-06-17",2016-06-17
50.731968,64.308487,34.77,"2016-06-20",2016-06-20
51.114605,64.980606,34.919998,"2016-06-21",2016-06-21
50.927967,65.064613,34.32,"2016-06-22",2016-06-22
50.507992,65.923439,34.669998,"2016-06-23",2016-06-23
49.080101,62.320152,33.5,"2016-06-24",2016-06-24
48.426826,62.021435,31.9,"2016-06-27",2016-06-27
49.546745,63.869747,33.900002,"2016-06-28",2016-06-28
51.450581,65.578049,35.91,"2016-06-29",2016-06-29
51.515911,66.922279,36.400002,"2016-06-30",2016-06-30
51.898548,66.147476,36.84,"2016-07-01",2016-07-01
51.515911,64.532532,35.509998,"2016-07-05",2016-07-05
52.075871,66.026123,36.259998,"2016-07-06",2016-07-06
52.187855,65.148643,36.880001,"2016-07-07",2016-07-07
52.934475,65.213989,36.779999,"2016-07-08",2016-07-08
53.037121,66.567551,36.57,"2016-07-11",2016-07-11
54.185036,67.211662,37.869999,"2016-07-12",2016-07-12
54.119705,67.697075,37.220001,"2016-07-13",2016-07-13
54.586338,67.361023,37.02,"2016-07-14",2016-07-14
54.007721,67.883774,37.23,"2016-07-15",2016-07-15
53.886387,67.865105,37.200001,"2016-07-18",2016-07-18
53.905048,67.977127,36.950001,"2016-07-19",2016-07-19
53.905048,69.928139,36.790001,"2016-07-20",2016-07-20
53.186451,70.777618,37.27,"2016-07-21",2016-07-21
52.943794,70.497559,37.48,"2016-07-22",2016-07-22
53.326431,71.300369,38.779999,"2016-07-25",2016-07-25
52.607826,71.897812,37.5,"2016-07-26",2016-07-26
52.066544,72.513924,35.93,"2016-07-27",2016-07-27
51.749233,74.922333,35.75,"2016-07-28",2016-07-28
51.795891,76.499939,35.700001,"2016-07-29",2016-07-29
51.711906,77.573456,35.5,"2016-08-01",2016-08-01
51.254597,77.78817,34.389999,"2016-08-02",2016-08-02
51.095947,77.806839,35.27,"2016-08-03",2016-08-03
51.133282,76.154549,35.139999,"2016-08-04",2016-08-04
52.122528,76.341248,36.169998,"2016-08-05",2016-08-05
52.243855,76.434586,35.93,"2016-08-08",2016-08-08
52.047859,76.845337,35.57,"2016-08-09",2016-08-09
51.450581,79.253754,35.43,"2016-08-10",2016-08-10
52.943794,80.112572,37.02,"2016-08-11",2016-08-11
52.682499,80.868698,37.099998,"2016-08-12",2016-08-12
52.981136,81.606155,38.040001,"2016-08-15",2016-08-15
53.083794,81.923561,38.650002,"2016-08-16",2016-08-16
53.065128,82.539658,37.919998,"2016-08-17",2016-08-17
53.391758,82.70768,37.950001,"2016-08-18",2016-08-18
54.968979,82.754364,38.759998,"2016-08-19",2016-08-19
54.744991,81.354111,38.799999,"2016-08-22",2016-08-22
55.64093,81.223427,39.279999,"2016-08-23",2016-08-23
56.200874,80.233925,38.880001,"2016-08-24",2016-08-24
55.286285,79.851196,38.259998,"2016-08-25",2016-08-25
55.062302,79.664497,38,"2016-08-26",2016-08-26
54.716995,79.785851,37.900002,"2016-08-29",2016-08-29
54.129036,79.132401,37.360001,"2016-08-30",2016-08-30
53.793064,77.610802,35.650002,"2016-08-31",2016-08-31
54.785072,77.433449,35.700001,"2016-09-01",2016-09-01
54.298431,75.809166,34.580002,"2016-09-02",2016-09-02
53.727562,77.274742,34.759998,"2016-09-06",2016-09-06
54.017673,78.086884,35.580002,"2016-09-07",2016-09-07
52.567074,76.901344,35.049999,"2016-09-08",2016-09-08
51.780972,75.613129,34.009998,"2016-09-09",2016-09-09
52.417355,77.256073,34.799999,"2016-09-12",2016-09-12
51.818401,77.676147,33.889999,"2016-09-13",2016-09-13
51.593807,77.872169,33.790001,"2016-09-14",2016-09-14
51.911995,79.291107,33.860001,"2016-09-15",2016-09-15
51.640602,78.10556,34.209999,"2016-09-16",2016-09-16
51.425346,77.76017,33.830002,"2016-09-19",2016-09-19
51.350475,78.880363,33.459999,"2016-09-20",2016-09-20
51.790333,80.233925,34.299999,"2016-09-21",2016-09-21
51.855843,80.990059,34.700001,"2016-09-22",2016-09-22
51.612518,81.298103,34.279999,"2016-09-23",2016-09-23
50.910633,80.616653,33.580002,"2016-09-26",2016-09-26
51.790333,80.31794,33.970001,"2016-09-27",2016-09-27
49.834393,81.979553,34.369999,"2016-09-28",2016-09-28
48.814312,80.252594,33.68,"2016-09-29",2016-09-29
49.272884,81.12075,33.860001,"2016-09-30",2016-09-30
49.291599,80.775352,34.049999,"2016-10-03",2016-10-03
48.795593,81.867538,33.700001,"2016-10-04",2016-10-04
48.776882,81.69017,33.380001,"2016-10-05",2016-10-05
48.69265,80.392632,32.900002,"2016-10-06",2016-10-06
48.46804,81.102074,32.849998,"2016-10-07",2016-10-07
48.46804,82.091583,33.27,"2016-10-10",2016-10-10
48.496117,80.140572,33.209999,"2016-10-11",2016-10-11
49.07634,80.056564,33.759998,"2016-10-12",2016-10-12
48.69265,79.412445,33.389999,"2016-10-13",2016-10-13
48.308941,80.560646,33.619999,"2016-10-14",2016-10-14
47.756779,80.14991,32.759998,"2016-10-17",2016-10-17
47.934601,80.756683,33.310001,"2016-10-18",2016-10-18
48.47739,81.176758,34.02,"2016-10-19",2016-10-19
48.561623,81.400787,33.419998,"2016-10-20",2016-10-20
48.449326,79.785851,32.959999,"2016-10-21",2016-10-21
48.542912,78.880363,32.900002,"2016-10-24",2016-10-24
47.775494,77.769501,28.370001,"2016-10-25",2016-10-25
48.63649,76.014519,27.459999,"2016-10-26",2016-10-26
48.561623,76.238564,26.49,"2016-10-27",2016-10-27
48.683277,76.537285,25.91,"2016-10-28",2016-10-28
46.961311,76.546616,25.860001,"2016-10-31",2016-10-31
46.437225,75.79982,25.51,"2016-11-01",2016-11-01
46.530823,75.874496,25.35,"2016-11-02",2016-11-02
46.540169,70.973656,25.299999,"2016-11-03",2016-11-03
46.755421,68.863953,25.610001,"2016-11-04",2016-11-04
47.644482,70.320206,25.940001,"2016-11-07",2016-11-07
47.803574,70.338875,26.09,"2016-11-08",2016-11-08
47.841011,71.160362,25.9,"2016-11-09",2016-11-09
47.157837,66.940948,25.610001,"2016-11-10",2016-11-10
47.513477,67.519714,25.610001,"2016-11-11",2016-11-11
46.989388,67.361023,24.879999,"2016-11-14",2016-11-14
46.91452,69.582748,25.360001,"2016-11-15",2016-11-15
47.429245,68.57457,25.32,"2016-11-16",2016-11-16
48.280865,69.312027,25.27,"2016-11-17",2016-11-17
47.822304,68.593254,23.75,"2016-11-18",2016-11-18
47.990757,69.190681,23.799999,"2016-11-21",2016-11-21
48.393166,68.975967,24.01,"2016-11-22",2016-11-22
48.046906,68.238495,23.93,"2016-11-23",2016-11-23
48.215355,68.798599,24.139999,"2016-11-25",2016-11-25
47.738068,67.93045,26.290001,"2016-11-28",2016-11-28
47.382442,69.050644,25.860001,"2016-11-29",2016-11-29
46.85836,68.565231,25.780001,"2016-11-30",2016-11-30
47.572186,68.145157,25.200001,"2016-12-01",2016-12-01
47.393719,68.807945,24.77,"2016-12-02",2016-12-02
48.699257,70.852303,25.059999,"2016-12-05",2016-12-05
47.49704,70.693604,25.41,"2016-12-06",2016-12-06
48.934071,71.841805,27.030001,"2016-12-07",2016-12-07
48.417492,71.515076,28.82,"2016-12-08",2016-12-08
48.577171,71.113686,28.809999,"2016-12-09",2016-12-09
48.408096,71.468407,27.610001,"2016-12-12",2016-12-12
49.121918,72.27121,27.34,"2016-12-13",2016-12-13
48.64291,70.05883,26.57,"2016-12-14",2016-12-14
48.173286,69.881462,25.799999,"2016-12-15",2016-12-15
47.825775,70.002815,25.48,"2016-12-16",2016-12-16
47.760036,70.273529,25.370001,"2016-12-19",2016-12-19
48.64291,70.749611,25.690001,"2016-12-20",2016-12-20
49.121918,70.581573,26.049999,"2016-12-21",2016-12-21
48.971642,70.516235,25.48,"2016-12-22",2016-12-22
48.755623,70.413551,25.23,"2016-12-23",2016-12-23
48.173286,71.020325,25.18,"2016-12-27",2016-12-27
47.919697,71.356384,25.23,"2016-12-28",2016-12-28
47.957275,72.149857,25.120001,"2016-12-29",2016-12-29
47.741249,73.326065,25.17,"2016-12-30",2016-12-30
48.821358,72.392563,25.76,"2017-01-03",2017-01-03
49.845131,71.328384,26.57,"2017-01-04",2017-01-04
49.835735,71.365715,26.209999,"2017-01-05",2017-01-05
50.634083,71.291039,27.040001,"2017-01-06",2017-01-06
50.136292,71.151016,27.02,"2017-01-09",2017-01-09
49.882694,71.263023,27.32,"2017-01-10",2017-01-10
49.488205,71.860474,26.98,"2017-01-11",2017-01-11
49.215847,72.635277,26.84,"2017-01-12",2017-01-12
49.704243,73.47541,26.5,"2017-01-13",2017-01-13
50.389885,73.802132,26.200001,"2017-01-17",2017-01-17
50.03297,75.510437,25.35,"2017-01-18",2017-01-18
49.713627,75.753143,25.26,"2017-01-19",2017-01-19
49.967228,75.939842,25.16,"2017-01-20",2017-01-20
50.004799,76.751991,24.959999,"2017-01-23",2017-01-23
50.202034,76.677315,25.120001,"2017-01-24",2017-01-24
50.587124,77.312088,25.690001,"2017-01-25",2017-01-25
50.389885,77.386765,25.5,"2017-01-26",2017-01-26
49.957832,76.835999,25.52,"2017-01-27",2017-01-27
49.85453,75.351746,25.09,"2017-01-30",2017-01-30
49.685459,73.708794,19.219999,"2017-01-31",2017-01-31
49.798161,74.072861,18.799999,"2017-02-01",2017-02-01
49.59153,73.9795,18.120001,"2017-02-02",2017-02-02
49.178276,74.14753,18.190001,"2017-02-03",2017-02-03
49.59153,72.065834,18.139999,"2017-02-06",2017-02-06
49.600922,72.065834,17.790001,"2017-02-07",2017-02-07
50.605907,71.76712,18.299999,"2017-02-08",2017-02-08
51.949013,73.699463,19.299999,"2017-02-09",2017-02-09
52.803711,74.203537,19.040001,"2017-02-10",2017-02-10
52.681614,74.847656,18.65,"2017-02-13",2017-02-13
53.019745,74.586273,19.41,"2017-02-14",2017-02-14
53.198185,74.082191,19.860001,"2017-02-15",2017-02-15
52.869453,73.652786,19.629999,"2017-02-16",2017-02-16
53.301498,73.58744,19.75,"2017-02-17",2017-02-17
53.874439,74.903656,19.690001,"2017-02-21",2017-02-21
54.700966,75.491768,19.780001,"2017-02-22",2017-02-22
53.902618,75.547783,19.639999,"2017-02-23",2017-02-23
54.344055,75.034355,19.83,"2017-02-24",2017-02-24
54.184387,77.853516,19.280001,"2017-02-27",2017-02-27
53.686592,78.198906,18.559999,"2017-02-28",2017-02-28
54.428596,79.169746,18.58,"2017-03-01",2017-03-01
54.456856,79.767166,18.959999,"2017-03-02",2017-03-02
53.420479,79.63649,18.639999,"2017-03-03",2017-03-03
53.486427,79.30043,18.309999,"2017-03-06",2017-03-06
53.279144,78.936363,18.110001,"2017-03-07",2017-03-07
53.241447,85.629524,17.75,"2017-03-08",2017-03-08
53.100147,87.981934,17.690001,"2017-03-09",2017-03-09
53.166084,89.559555,17.75,"2017-03-10",2017-03-10
53.392208,89.624886,17.559999,"2017-03-13",2017-03-13
53.966927,87.048439,17.620001,"2017-03-14",2017-03-14
54.324955,90.194321,17.83,"2017-03-15",2017-03-15
54.268417,92.079979,18.17,"2017-03-16",2017-03-16
54.456856,91.902611,18.08,"2017-03-17",2017-03-17
55.285954,90.913109,18.26,"2017-03-20",2017-03-20
54.654705,90.857101,17.52,"2017-03-21",2017-03-21
50.801273,90.287674,17.51,"2017-03-22",2017-03-22
52.167404,90.194321,17.440001,"2017-03-23",2017-03-23
53.100147,89.942276,18.16,"2017-03-24",2017-03-24
52.695015,89.764908,18.299999,"2017-03-27",2017-03-27
53.345104,89.98896,18.49,"2017-03-28",2017-03-28
53.401627,89.503525,18.84,"2017-03-29",2017-03-29
52.798656,88.654053,18.370001,"2017-03-30",2017-03-30
52.506584,88.859428,18.299999,"2017-03-31",2017-03-31
52.346416,87.88858,18.35,"2017-04-03",2017-04-03
51.856499,88.588699,18.02,"2017-04-04",2017-04-04
51.799965,87.253815,18.559999,"2017-04-05",2017-04-05
51.95071,87.757904,19.040001,"2017-04-06",2017-04-06
51.92244,88.112625,18.43,"2017-04-07",2017-04-07
51.724586,87.813904,18.190001,"2017-04-10",2017-04-10
51.74342,87.20713,18.040001,"2017-04-11",2017-04-11
52.355846,88.271317,17.860001,"2017-04-12",2017-04-12
52.139137,88.149963,17.76,"2017-04-13",2017-04-13
52.987087,88.822083,17.790001,"2017-04-17",2017-04-17
52.864601,89.120804,17.76,"2017-04-18",2017-04-18
52.62907,88.299324,17.93,"2017-04-19",2017-04-19
53.137829,89.148811,18.110001,"2017-04-20",2017-04-20
52.619629,90.315681,17.530001,"2017-04-21",2017-04-21
52.26162,93.573563,17.93,"2017-04-24",2017-04-24
52.242771,94.796455,17.969999,"2017-04-25",2017-04-25
51.969551,93.974968,18.139999,"2017-04-26",2017-04-26
52.26162,93.834946,19.82,"2017-04-27",2017-04-27
52.205101,93.629585,19.41,"2017-04-28",2017-04-28
51.809383,94.114998,19.02,"2017-05-01",2017-05-01
51.88475,93.657585,18.73,"2017-05-02",2017-05-02
51.375988,92.649406,18.690001,"2017-05-03",2017-05-03
51.319458,93.956314,18.809999,"2017-05-04",2017-05-04
50.829536,95.207191,19.09,"2017-05-05",2017-05-05
51.15929,93.20018,19.120001,"2017-05-08",2017-05-08
51.715172,93.312195,19.809999,"2017-05-09",2017-05-09
51.404263,91.874611,19.65,"2017-05-10",2017-05-10
51.102768,91.025131,19.450001,"2017-05-11",2017-05-11
51.065083,90.758942,18.9,"2017-05-12",2017-05-12
50.659943,91.636803,18.65,"2017-05-15",2017-05-15
49.727207,92.778961,17.969999,"2017-05-16",2017-05-16
48.80389,90.730629,17.700001,"2017-05-17",2017-05-17
48.690842,91.240349,17.629999,"2017-05-18",2017-05-18
48.775635,90.919418,17.860001,"2017-05-19",2017-05-19
48.587204,91.042122,17.92,"2017-05-22",2017-05-22
49.180756,90.381371,18.040001,"2017-05-23",2017-05-23
49.001747,89.730057,18.110001,"2017-05-24",2017-05-24
49.322079,90.277542,18.01,"2017-05-25",2017-05-25
49.548199,90.617355,18.07,"2017-05-26",2017-05-26
49.859112,91.740631,18.01,"2017-05-30",2017-05-30
49.925064,90.57016,17.83,"2017-05-31",2017-05-31
49.442924,90.806137,18.389999,"2017-06-01",2017-06-01
50.085773,91.580162,18.719999,"2017-06-02",2017-06-02
50.11414,90.815575,18.950001,"2017-06-05",2017-06-05
49.613091,89.81501,18.969999,"2017-06-06",2017-06-06
50.322117,91.11763,19.219999,"2017-06-07",2017-06-07
50.293758,89.201454,19.6,"2017-06-08",2017-06-08
50.539551,89.626221,20.209999,"2017-06-09",2017-06-09
51.078411,91.051559,21.200001,"2017-06-12",2017-06-12
51.343117,93.354752,21.25,"2017-06-13",2017-06-13
51.673988,94.393082,21.09,"2017-06-14",2017-06-14
50.010147,91.561287,20.33,"2017-06-15",2017-06-15
48.308479,92.137085,19.68,"2017-06-16",2017-06-16
49.178211,92.18428,19.67,"2017-06-19",2017-06-19
48.743355,90.494644,19.01,"2017-06-20",2017-06-20
49.717079,90.032112,18.75,"2017-06-21",2017-06-21
49.537457,89.201454,19.24,"2017-06-22",2017-06-22
49.962868,89.097626,19.65,"2017-06-23",2017-06-23
50.369389,89.088188,19.92,"2017-06-26",2017-06-26
50.057419,89.748932,19.9,"2017-06-27",2017-06-27
50.445019,90.56073,20,"2017-06-28",2017-06-28
50.2654,88.625656,19.799999,"2017-06-29",2017-06-29
55.77692,90.589035,20.16,"2017-06-30",2017-06-30
55.446037,90.485207,20.52,"2017-07-03",2017-07-03
54.415581,94.855598,20.4,"2017-07-05",2017-07-05
54.037426,94.515785,19.1,"2017-07-06",2017-07-06
54.812634,94.865044,19.219999,"2017-07-07",2017-07-07
55.521656,94.298683,19.129999,"2017-07-10",2017-07-10
55.001709,94.647942,18.92,"2017-07-11",2017-07-11
55.03952,96.139351,18.58,"2017-07-12",2017-07-12
54.774818,96.922813,18.629999,"2017-07-13",2017-07-13
54.831554,97.791222,18.93,"2017-07-14",2017-07-14
54.633015,98.414223,18.82,"2017-07-17",2017-07-17
54.500664,98.329269,18.68,"2017-07-18",2017-07-18
54.614117,97.526932,18.91,"2017-07-19",2017-07-19
55.871456,98.706841,19.049999,"2017-07-20",2017-07-20
56.675014,97.602448,18.84,"2017-07-21",2017-07-21
55.729645,97.177673,18.26,"2017-07-24",2017-07-24
56.145599,97.111588,18.120001,"2017-07-25",2017-07-25
55.171875,97.479729,17.549999,"2017-07-26",2017-07-26
54.973351,102.388168,17.370001,"2017-07-27",2017-07-27
55.464939,106.730255,17.360001,"2017-07-28",2017-07-28
55.824181,108.108391,18.110001,"2017-07-31",2017-07-31
56.571026,106.96624,16.23,"2017-08-01",2017-08-01
56.523762,107.315491,16.469999,"2017-08-02",2017-08-02
56.85463,108.382133,16.34,"2017-08-03",2017-08-03
56.495399,111.062897,16.610001,"2017-08-04",2017-08-04
56.523762,110.798592,16.629999,"2017-08-07",2017-08-07
56.211777,110.090645,17.209999,"2017-08-08",2017-08-08
56.62775,107.551476,17.17,"2017-08-09",2017-08-09
55.843094,105.767441,16.82,"2017-08-10",2017-08-10
55.748558,106.900154,16.799999,"2017-08-11",2017-08-11
56.514301,107.919601,17.110001,"2017-08-14",2017-08-14
55.36095,108.004555,16.66,"2017-08-15",2017-08-15
55.342049,107.136139,16.68,"2017-08-16",2017-08-16
54.32103,105.70137,16.280001,"2017-08-17",2017-08-17
51.948158,105.125572,15.64,"2017-08-18",2017-08-18
50.681355,104.776321,15.15,"2017-08-21",2017-08-21
51.172951,105.304909,15.42,"2017-08-22",2017-08-22
50.681355,105.380424,15.55,"2017-08-23",2017-08-23
50.898792,104.757439,15.73,"2017-08-24",2017-08-24
50.955517,105.427628,15.94,"2017-08-25",2017-08-25
50.7948,104.738564,15.78,"2017-08-28",2017-08-28
49.84943,103.756874,15.34,"2017-08-29",2017-08-29
49.688721,104.332664,15.18,"2017-08-30",2017-08-30
50.096626,105.814636,15.1,"2017-08-31",2017-08-31
50.61837,106.72081,15.39,"2017-09-01",2017-09-01
50.286358,106.399872,15.62,"2017-09-05",2017-09-05
50.049187,107.966797,15.8,"2017-09-06",2017-09-06
49.698204,110.628685,15.98,"2017-09-07",2017-09-07
49.517963,110.421021,16.120001,"2017-09-08",2017-09-08
50.305325,111.431038,16.34,"2017-09-11",2017-09-11
50.656311,111.497108,16.25,"2017-09-12",2017-09-12
50.770142,111.525421,16.870001,"2017-09-13",2017-09-13
50.969353,111.044022,16.52,"2017-09-14",2017-09-14
51.102161,111.572617,16.459999,"2017-09-15",2017-09-15
50.751171,111.006256,16.139999,"2017-09-18",2017-09-18
50.589912,110.251114,15.7,"2017-09-19",2017-09-19
50.80809,108.825775,15.24,"2017-09-20",2017-09-20
50.457104,108.957932,15.13,"2017-09-21",2017-09-21
50.504528,108.570915,15.04,"2017-09-22",2017-09-22
50.495052,107.419327,15.39,"2017-09-25",2017-09-25
50.940899,104.021172,15.14,"2017-09-26",2017-09-26
49.963818,104.313782,15.06,"2017-09-27",2017-09-27
49.92588,104.85183,15.07,"2017-09-28",2017-09-28
49.18594,106.852959,15.02,"2017-09-29",2017-09-29
49.204929,108.844658,15.08,"2017-10-02",2017-10-02
48.82547,108.995689,15.26,"2017-10-03",2017-10-03
49.404133,108.080078,15.03,"2017-10-04",2017-10-04
49.498997,107.202217,15.03,"2017-10-05",2017-10-05
49.726654,106.569778,15.46,"2017-10-06",2017-10-06
48.872906,107.966797,15.3,"2017-10-09",2017-10-09
48.882389,108.703064,15.51,"2017-10-10",2017-10-10
48.408081,108.55204,15.15,"2017-10-11",2017-10-11
48.218361,108.382133,15.22,"2017-10-12",2017-10-12
48.360645,107.626984,14.95,"2017-10-13",2017-10-13
48.730614,106.947357,14.98,"2017-10-16",2017-10-16
49.328243,106.305489,15.11,"2017-10-17",2017-10-17
49.612827,106.229973,14.98,"2017-10-18",2017-10-18
49.982792,104.40818,15.02,"2017-10-19",2017-10-19
50.333786,104.11557,15.91,"2017-10-20",2017-10-20
50.902954,103.690796,15.22,"2017-10-23",2017-10-23
50.675282,103.955093,14.83,"2017-10-24",2017-10-24
52.11718,104.313782,14.65,"2017-10-25",2017-10-25
53.891109,105.012299,14.65,"2017-10-26",2017-10-26
53.084782,104.94622,14.4,"2017-10-27",2017-10-27
52.430229,105.219963,14.74,"2017-10-30",2017-10-30
52.164616,105.087814,11.53,"2017-10-31",2017-10-31
52.240501,102.652466,11.29,"2017-11-01",2017-11-01
52.287941,102.963974,10.84,"2017-11-02",2017-11-02
52.847622,102.558075,10.59,"2017-11-03",2017-11-03
53.160667,100.056656,10.97,"2017-11-06",2017-11-06
52.316406,100.434235,10.74,"2017-11-07",2017-11-07
52.895054,101.189377,10.83,"2017-11-08",2017-11-08
53.24604,96.752907,10.99,"2017-11-09",2017-11-09
53.208099,99.811241,11.37,"2017-11-10",2017-11-10
53.037346,101.415924,10.95,"2017-11-13",2017-11-13
53.10376,104.304352,10.92,"2017-11-14",2017-11-14
53.720356,103.530327,11.11,"2017-11-15",2017-11-15
54.289524,102.812935,11.28,"2017-11-16",2017-11-16
56.148815,103.294342,11.73,"2017-11-17",2017-11-17
56.205738,102.397614,12.07,"2017-11-20",2017-11-20
56.338543,103.955093,11.36,"2017-11-21",2017-11-21
56.034988,101.944519,11.67,"2017-11-22",2017-11-22
56.272148,101.415924,11.59,"2017-11-24",2017-11-24
56.566219,100.887314,11.35,"2017-11-27",2017-11-27
56.518784,100.330406,11.51,"2017-11-28",2017-11-28
57.258713,99.037209,12.18,"2017-11-29",2017-11-29
57.315624,98.584129,11.93,"2017-11-30",2017-11-30
56.992023,98.735153,11.73,"2017-12-01",2017-12-01
57.201412,98.886192,11.98,"2017-12-04",2017-12-04
57.505985,98.67852,11.72,"2017-12-05",2017-12-05
56.839741,99.669647,11.55,"2017-12-06",2017-12-06
57.677288,100.462547,11.93,"2017-12-07",2017-12-07
58.343529,100.471992,12.19,"2017-12-08",2017-12-08
58.92411,97.668526,12.18,"2017-12-11",2017-12-11
59.171566,96.252617,12.38,"2017-12-12",2017-12-12
61.198849,93.93055,12.36,"2017-12-13",2017-12-13
61.417751,93.637932,12.45,"2017-12-14",2017-12-14
61.665215,95.695702,13.62,"2017-12-15",2017-12-15
61.684238,96.498047,14.24,"2017-12-18",2017-12-18
61.141731,96.488609,14.1,"2017-12-19",2017-12-19
60.523087,95.50692,13.72,"2017-12-20",2017-12-20
61.646175,94.902794,13.95,"2017-12-21",2017-12-21
60.237564,94.949989,13.8,"2017-12-22",2017-12-22
60.5802,95.488037,14.07,"2017-12-26",2017-12-26
59.913963,95.412521,14.23,"2017-12-27",2017-12-27
59.913963,94.883919,14.14,"2017-12-28",2017-12-28
59.533249,94.223167,13.32,"2017-12-29",2017-12-29
60.427917,95.091583,13.97,"2018-01-02",2018-01-02
60.418404,95.393639,14.4,"2018-01-03",2018-01-03
60.380318,97.036087,14.75,"2018-01-04",2018-01-04
60.894287,98.10273,14.73,"2018-01-05",2018-01-05
61.436787,97.687393,14.78,"2018-01-08",2018-01-08
60.99897,95.421959,14.1,"2018-01-09",2018-01-09
61.122704,94.817841,13.94,"2018-01-10",2018-01-10
61.189335,94.949989,14.13,"2018-01-11",2018-01-11
61.551006,97.168236,14.14,"2018-01-12",2018-01-12
60.361286,97.272072,12.48,"2018-01-16",2018-01-16
60.732491,96.573563,12.39,"2018-01-17",2018-01-17
61.018009,98.801231,12.37,"2018-01-18",2018-01-18
63.968498,105.531464,12.85,"2018-01-19",2018-01-19
63.188046,106.012863,13.28,"2018-01-22",2018-01-22
63.901875,107.844093,13.59,"2018-01-23",2018-01-23
64.720383,108.363251,13.61,"2018-01-24",2018-01-24
64.444382,107.258842,13.31,"2018-01-25",2018-01-25
64.758476,108.48597,13.27,"2018-01-26",2018-01-26
64.320648,107.626984,13.18,"2018-01-29",2018-01-29
64.082718,108.098946,12.99,"2018-01-30",2018-01-30
64.929794,109.552597,12.85,"2018-01-31",2018-01-31
64.387276,108.29718,12.7,"2018-02-01",2018-02-01
63.978012,105.333229,12.41,"2018-02-02",2018-02-02
61.284508,100.660782,11.87,"2018-02-05",2018-02-05
62.074467,104.030609,12.05,"2018-02-06",2018-02-06
62.464706,105.446503,12.15,"2018-02-07",2018-02-07
59.476135,102.982849,11.95,"2018-02-08",2018-02-08
62.331444,102.954529,12.46,"2018-02-09",2018-02-09
62.797813,103.690796,13.18,"2018-02-12",2018-02-12
62.693127,103.218826,15.29,"2018-02-13",2018-02-13
64.682335,104.596962,16.139999,"2018-02-14",2018-02-14
64.996399,105.068932,16.540001,"2018-02-15",2018-02-15
65.005936,105.776878,15.78,"2018-02-16",2018-02-16
64.234978,106.116692,15.41,"2018-02-20",2018-02-20
63.816219,104.153313,15.32,"2018-02-21",2018-02-21
63.892353,104.729118,14.97,"2018-02-22",2018-02-22
64.872665,105.927917,15.3,"2018-02-23",2018-02-23
66.290825,105.993988,15.42,"2018-02-26",2018-02-26
64.748924,104.719681,15.09,"2018-02-27",2018-02-27
63.797192,104.606407,15.05,"2018-02-28",2018-02-28
63.121418,101.198814,14.39,"2018-03-01",2018-03-01
62.901863,101.321518,15.23,"2018-03-02",2018-03-02
62.099953,102.595833,15.56,"2018-03-05",2018-03-05
62.281338,102.378731,15.73,"2018-03-06",2018-03-06
61.259865,102.614716,15.5,"2018-03-07",2018-03-07
62.157234,101.831245,15.29,"2018-03-08",2018-03-08
63.293259,100.783485,15.18,"2018-03-09",2018-03-09
63.789661,99.820679,15.24,"2018-03-12",2018-03-12
63.169155,100.774055,14.58,"2018-03-13",2018-03-13
63.197788,110.251114,14.02,"2018-03-14",2018-03-14
63.379181,112.148407,13.83,"2018-03-15",2018-03-15
62.920956,112.941315,14.08,"2018-03-16",2018-03-16
62.730019,112.299438,14.07,"2018-03-19",2018-03-19
63.770596,112.894112,14.01,"2018-03-20",2018-03-20
63.341,114.668709,14.07,"2018-03-21",2018-03-21
61.498528,113.951324,13.71,"2018-03-22",2018-03-22
61.698994,113.177292,13.72,"2018-03-23",2018-03-23
62.911411,114.942451,14.46,"2018-03-26",2018-03-26
63.169155,112.582619,14.32,"2018-03-27",2018-03-27
62.47226,112.327766,14.19,"2018-03-28",2018-03-28
63.42691,114.942451,14.35,"2018-03-29",2018-03-29
61.212124,113.828613,13.99,"2018-04-02",2018-04-02
63.675125,113.771973,14.73,"2018-04-03",2018-04-03
65.317093,116.05629,15.64,"2018-04-04",2018-04-04
66.434052,118.010223,15.19,"2018-04-05",2018-04-05
64.486565,117.689285,14.75,"2018-04-06",2018-04-06
64.133362,117.793121,14.4,"2018-04-09",2018-04-09
63.961521,119.879204,14.58,"2018-04-10",2018-04-10
63.799221,120.30397,14.71,"2018-04-11",2018-04-11
64.696594,122.32399,14.99,"2018-04-12",2018-04-12
64.200195,122.531647,14.34,"2018-04-13",2018-04-13
64.018799,123.315109,14.35,"2018-04-16",2018-04-16
64.448402,124.551666,14.2,"2018-04-17",2018-04-17
63.197788,124.787636,14.02,"2018-04-18",2018-04-18
62.749126,122.559967,14.01,"2018-04-19",2018-04-19
63.092785,122.701569,13.99,"2018-04-20",2018-04-20
63.846954,121.625488,14.61,"2018-04-23",2018-04-23
63.932873,117.066292,14.81,"2018-04-24",2018-04-24
63.646503,116.339462,14.32,"2018-04-25",2018-04-25
64.963905,116.377228,14.69,"2018-04-26",2018-04-26
66.405434,117.321159,15.37,"2018-04-27",2018-04-27
65.288483,116.065735,15.35,"2018-04-30",2018-04-30
65.011612,115.80143,16.15,"2018-05-01",2018-05-01
65.164368,117.047417,16.370001,"2018-05-02",2018-05-02
63.866062,110.789162,15.57,"2018-05-03",2018-05-03
65.011612,108.655869,15.73,"2018-05-04",2018-05-04
66.195396,109.571487,16.25,"2018-05-07",2018-05-07
65.355301,108.967369,16.51,"2018-05-08",2018-05-08
64.868416,107.409882,16.51,"2018-05-09",2018-05-09
64.839798,109.377594,16.639999,"2018-05-10",2018-05-10
65.326668,108.32431,16.9,"2018-05-11",2018-05-11
65.718071,108.171112,16.66,"2018-05-14",2018-05-14
66.348137,107.041237,17.129999,"2018-05-15",2018-05-15
68.104691,109.818047,18.309999,"2018-05-16",2018-05-16
67.722839,110.22979,17.84,"2018-05-17",2018-05-17
68.085594,109.952103,18,"2018-05-18",2018-05-18
68.142899,110.938354,17.969999,"2018-05-21",2018-05-21
68.076065,110.153183,17.809999,"2018-05-22",2018-05-22
68.104691,109.071182,17.889999,"2018-05-23",2018-05-23
68.906601,109.157356,18.389999,"2018-05-24",2018-05-24
68.973442,107.835983,18.879999,"2018-05-25",2018-05-25
67.703735,106.007111,18.57,"2018-05-29",2018-05-29
68.954338,110.134033,19.200001,"2018-05-30",2018-05-30
68.543831,108.956276,18.92,"2018-05-31",2018-05-31
69.654305,108.286011,19.33,"2018-06-01",2018-06-01
70.678665,109.406319,20.469999,"2018-06-04",2018-06-04
70.889259,110.287231,21.299999,"2018-06-05",2018-06-05
71.559395,115.409966,22.1,"2018-06-06",2018-06-06
71.568962,111.378807,21.65,"2018-06-07",2018-06-07
71.702972,112.575706,22.4,"2018-06-08",2018-06-08
71.406197,112.202278,22.17,"2018-06-11",2018-06-11
71.119026,110.651085,22.129999,"2018-06-12",2018-06-12
70.946701,109.92337,21.77,"2018-06-13",2018-06-13
71.511505,111.043678,21.73,"2018-06-14",2018-06-14
72.602844,111.847992,21.469999,"2018-06-15",2018-06-15
72.382668,108.697746,21.559999,"2018-06-18",2018-06-18
71.090286,105.604958,20.860001,"2018-06-19",2018-06-19
71.530678,105.011292,21.360001,"2018-06-20",2018-06-20
70.783943,105.432602,21.08,"2018-06-21",2018-06-21
70.295708,106.667809,20.790001,"2018-06-22",2018-06-22
69.261818,104.886818,20.76,"2018-06-25",2018-06-25
69.46286,104.905968,21.08,"2018-06-26",2018-06-26
68.30452,103.689911,21.219999,"2018-06-27",2018-06-27
68.639565,102.301506,21.84,"2018-06-28",2018-06-28
76.278946,104.369759,21.08,"2018-06-29",2018-06-29
75.005722,102.866447,21.15,"2018-07-02",2018-07-02
73.024063,103.297333,21.1,"2018-07-03",2018-07-03
73.282539,102.014259,20.75,"2018-07-05",2018-07-05
73.215523,102.167458,20.870001,"2018-07-06",2018-07-06
73.981377,102.540886,20.799999,"2018-07-09",2018-07-09
74.25901,104.005905,21.15,"2018-07-10",2018-07-10
74.057983,102.311089,20.84,"2018-07-11",2018-07-11
74.067566,103.814392,20.5,"2018-07-12",2018-07-12
74.07711,105.375153,20.23,"2018-07-13",2018-07-13
74.431335,105.901787,20.110001,"2018-07-16",2018-07-16
74.163292,104.053772,20.01,"2018-07-17",2018-07-17
73.320847,105.585808,20.02,"2018-07-18",2018-07-18
73.665482,105.423027,20.190001,"2018-07-19",2018-07-19
73.675041,106.351822,20.02,"2018-07-20",2018-07-20
73.320847,106.552902,19.83,"2018-07-23",2018-07-23
72.306107,106.457146,19.24,"2018-07-24",2018-07-24
73.866531,107.2519,19.74,"2018-07-25",2018-07-25
74.814255,104.695313,20.549999,"2018-07-26",2018-07-26
73.608032,105.308128,19.280001,"2018-07-27",2018-07-27
72.717735,105.920937,18.68,"2018-07-30",2018-07-30
73.62719,105.920937,18.74,"2018-07-31",2018-07-31
74.230293,105.154922,17.77,"2018-08-01",2018-08-01
75.292915,103.172852,18.17,"2018-08-02",2018-08-02
75.379059,105.231529,18.379999,"2018-08-03",2018-08-03
76.116211,104.159096,18.370001,"2018-08-06",2018-08-06
77.092651,105.221947,18.49,"2018-08-07",2018-08-07
77.063942,105.930511,18.76,"2018-08-08",2018-08-08
77.791512,114.797157,19.15,"2018-08-09",2018-08-09
77.284142,112.173546,19.139999,"2018-08-10",2018-08-10
76.728889,113.715157,19.209999,"2018-08-13",2018-08-13
76.719315,113.964111,19.790001,"2018-08-14",2018-08-14
76.173653,111.991615,19.02,"2018-08-15",2018-08-15
76.633163,113.561958,19.219999,"2018-08-16",2018-08-16
76.345955,113.542809,18.92,"2018-08-17",2018-08-17
78.672241,114.883339,19.450001,"2018-08-20",2018-08-20
79.40937,116.511116,19.860001,"2018-08-21",2018-08-21
79.112602,116.961151,19.82,"2018-08-22",2018-08-22
79.371086,117.133507,19.940001,"2018-08-23",2018-08-23
78.93071,119.211327,19.709999,"2018-08-24",2018-08-24
79.122192,120.561432,19.030001,"2018-08-27",2018-08-27
79.055168,121.030617,19.290001,"2018-08-28",2018-08-28
79.256203,120.216728,19.299999,"2018-08-29",2018-08-29
77.925537,119.680511,19.040001,"2018-08-30",2018-08-30
78.885208,118.991096,18.969999,"2018-08-31",2018-08-31
76.39006,116.788803,19.309999,"2018-09-04",2018-09-04
76.697159,115.448273,19.190001,"2018-09-05",2018-09-05
77.157791,114.75885,19.18,"2018-09-06",2018-09-06
77.061836,114.51947,18.42,"2018-09-07",2018-09-07
78.78923,115.381241,18.719999,"2018-09-10",2018-09-10
79.297852,115.304642,18.76,"2018-09-11",2018-09-11
79.652954,116.951576,18.639999,"2018-09-12",2018-09-12
80.103989,117.650574,18.35,"2018-09-13",2018-09-13
80.123184,117.114357,17.74,"2018-09-14",2018-09-14
79.902473,116.15683,17.67,"2018-09-17",2018-09-17
81.8218,117.487785,17.459999,"2018-09-18",2018-09-18
81.025291,116.81752,17.280001,"2018-09-19",2018-09-19
81.927376,118.445305,18.15,"2018-09-20",2018-09-20
82.100121,118.46447,18.700001,"2018-09-21",2018-09-21
80.871719,117.267555,18.84,"2018-09-24",2018-09-24
81.370766,118.665535,18.74,"2018-09-25",2018-09-25
80.324707,117.430336,19.27,"2018-09-26",2018-09-26
81.130852,117.71759,19.24,"2018-09-27",2018-09-27
81.303596,116.970734,19.459999,"2018-09-28",2018-09-28
81.05407,118.359131,19.34,"2018-10-01",2018-10-01
79.432213,117.794189,18.52,"2018-10-02",2018-10-02
79.173103,118.244232,18.85,"2018-10-03",2018-10-03
76.946655,115.342941,18.290001,"2018-10-04",2018-10-04
76.889107,114.509895,17.809999,"2018-10-05",2018-10-05
76.994659,113.820488,17.68,"2018-10-08",2018-10-08
77.176987,112.422508,17.719999,"2018-10-09",2018-10-09
71.917976,106.81144,16.809999,"2018-10-10",2018-10-10
71.50531,106.552902,16.82,"2018-10-11",2018-10-11
72.848862,106.955055,17.27,"2018-10-12",2018-10-12
71.965965,108.161537,17.309999,"2018-10-15",2018-10-15
74.355553,111.216026,17.91,"2018-10-16",2018-10-16
73.395859,111.369232,17.559999,"2018-10-17",2018-10-17
72.551361,108.573273,17.139999,"2018-10-18",2018-10-18
71.217407,111.752235,16.799999,"2018-10-19",2018-10-19
71.879585,110.306381,17.040001,"2018-10-22",2018-10-22
70.392097,109.607391,16.940001,"2018-10-23",2018-10-23
69.211693,108.621147,16.74,"2018-10-24",2018-10-24
70.152176,112.786362,17.030001,"2018-10-25",2018-10-25
69.163727,111.254333,16.549999,"2018-10-26",2018-10-26
69.27887,111.263901,16.809999,"2018-10-29",2018-10-29
71.50531,110.335106,20.969999,"2018-10-30",2018-10-30
72.013931,112.882111,19.83,"2018-10-31",2018-10-31
73.693382,111.733093,21.110001,"2018-11-01",2018-11-01
73.491829,113.207672,21.42,"2018-11-02",2018-11-02
74.403519,113.274704,21.459999,"2018-11-05",2018-11-05
73.482246,112.997017,20.91,"2018-11-06",2018-11-06
74.82579,109.645699,20.66,"2018-11-07",2018-11-07
74.643456,109.27227,20.74,"2018-11-08",2018-11-08
73.280708,111.168152,20.74,"2018-11-09",2018-11-09
72.071518,108.83181,20.82,"2018-11-12",2018-11-12
72.167488,111.32135,21.110001,"2018-11-13",2018-11-13
72.167488,111.589455,20.950001,"2018-11-14",2018-11-14
71.332565,112.163979,20.9,"2018-11-15",2018-11-15
71.726028,112.058647,20.209999,"2018-11-16",2018-11-16
69.595573,109.492485,19.42,"2018-11-19",2018-11-19
68.252022,108.343468,19.379999,"2018-11-20",2018-11-20
69.451607,111.397949,20.030001,"2018-11-21",2018-11-21
68.607109,109.92337,20.08,"2018-11-23",2018-11-23
69.777893,108.266861,20.66,"2018-11-26",2018-11-26
69.182907,107.826401,20.4,"2018-11-27",2018-11-27
71.649261,109.109482,21.57,"2018-11-28",2018-11-28
71.342163,108.056213,21.75,"2018-11-29",2018-11-29
72.304688,106.016693,22.33,"2018-11-30",2018-11-30
75.019012,107.472122,22.530001,"2018-12-03",2018-12-03
72.949562,105.940094,21.969999,"2018-12-04",2018-12-04
72.708946,105.892204,22.58,"2018-12-06",2018-12-06
70.5914,106.409271,22.07,"2018-12-07",2018-12-07
69.792511,105.34642,21.01,"2018-12-10",2018-12-10
70.812798,107.108261,20.870001,"2018-12-11",2018-12-11
71.534683,108.305168,19.01,"2018-12-12",2018-12-12
70.196785,108.678596,17.809999,"2018-12-13",2018-12-13
69.811768,105.087891,17.73,"2018-12-14",2018-12-14
67.280319,100.826935,17.02,"2018-12-17",2018-12-17
68.483482,101.229095,17.4,"2018-12-18",2018-12-18
66.385178,100.932259,16.639999,"2018-12-19",2018-12-19
64.999146,100.118355,16.08,"2018-12-20",2018-12-20
69.657745,99.333191,15.41,"2018-12-21",2018-12-21
65.547768,99.572571,15.19,"2018-12-24",2018-12-24
70.273766,100.357735,16.23,"2018-12-26",2018-12-26
70.909027,99.103394,16.25,"2018-12-27",2018-12-27
70.5914,99.91729,15.99,"2018-12-28",2018-12-28
71.361427,99.907707,16.17,"2018-12-31",2018-12-31
71.284424,100.434341,16.450001,"2019-01-02",2019-01-02
70.023521,100.089638,15.96,"2019-01-03",2019-01-03
71.85231,104.159096,16.6,"2019-01-04",2019-01-04
72.88221,104.465508,17.110001,"2019-01-07",2019-01-07
73.854355,106.591194,17.24,"2019-01-08",2019-01-08
73.719612,107.338074,17.620001,"2019-01-09",2019-01-09
73.555954,107.855125,17.549999,"2019-01-10",2019-01-10
73.190201,108.104088,17.860001,"2019-01-11",2019-01-11
73.238327,108.515823,17.879999,"2019-01-14",2019-01-14
74.96125,109.052032,17.92,"2019-01-15",2019-01-15
74.768738,108.218987,17.77,"2019-01-16",2019-01-16
76.164398,109.46376,18.15,"2019-01-17",2019-01-17
77.434937,111.244751,18.549999,"2019-01-18",2019-01-18
77.723694,111.340508,18.59,"2019-01-22",2019-01-22
77.483055,113.006592,18.4,"2019-01-23",2019-01-23
77.425308,109.473335,18.860001,"2019-01-24",2019-01-24
77.588943,111.455406,19.49,"2019-01-25",2019-01-25
77.309814,111.369232,19.370001,"2019-01-28",2019-01-28
77.213547,111.646912,18.93,"2019-01-29",2019-01-29
78.233833,113.437477,19.01,"2019-01-30",2019-01-30
78.81134,113.964111,18.940001,"2019-01-31",2019-01-31
78.455215,109.444618,18.860001,"2019-02-01",2019-02-01
78.917221,107.893433,18.93,"2019-02-04",2019-02-04
79.754616,110.756416,19.1,"2019-02-05",2019-02-05
79.610237,109.894646,18.93,"2019-02-06",2019-02-06
79.302231,108.678596,18.629999,"2019-02-07",2019-02-07
79.273369,108.065781,19.040001,"2019-02-08",2019-02-08
80.543892,107.62532,19.15,"2019-02-11",2019-02-11
81.535271,109.46376,20.01,"2019-02-12",2019-02-12
82.199432,107.529579,19.879999,"2019-02-13",2019-02-13
81.506393,106.658234,19.780001,"2019-02-14",2019-02-14
82.180161,108.008339,19.040001,"2019-02-15",2019-02-15
81.400528,109.683998,19.389999,"2019-02-19",2019-02-19
81.6604,110.325531,19.18,"2019-02-20",2019-02-20
80.803757,110.220207,19.41,"2019-02-21",2019-02-21
81.583397,110.976646,19.66,"2019-02-22",2019-02-22
81.978035,114.337547,19.629999,"2019-02-25",2019-02-25
82.584427,116.961151,19.370001,"2019-02-26",2019-02-26
82.940567,116.166412,20.08,"2019-02-27",2019-02-27
82.517067,116.243011,20.08,"2019-02-28",2019-02-28
84.109314,117.93782,20.41,"2019-03-01",2019-03-01
82.642494,117.047325,19.85,"2019-03-04",2019-03-04
82.449509,117.31543,19.83,"2019-03-05",2019-03-05
82.150345,117.918678,19.43,"2019-03-06",2019-03-06
82.275803,115.534454,19.360001,"2019-03-07",2019-03-07
81.831917,113.638557,19.110001,"2019-03-08",2019-03-08
82.816193,114.797157,19.690001,"2019-03-11",2019-03-11
82.439865,114.270523,19.690001,"2019-03-12",2019-03-12
82.922356,111.081978,19.700001,"2019-03-13",2019-03-13
83.829453,115.23761,19.9,"2019-03-14",2019-03-14
83.761917,115.295067,19.799999,"2019-03-15",2019-03-15
84.746193,113.073608,19.85,"2019-03-18",2019-03-18
84.620773,114.04071,19.73,"2019-03-19",2019-03-19
83.655777,114.825874,19,"2019-03-20",2019-03-20
84.929543,113.763023,19.280001,"2019-03-21",2019-03-21
79.313271,113.523643,18.41,"2019-03-22",2019-03-22
79.448364,115.208893,18.58,"2019-03-25",2019-03-25
80.461601,115.67807,18.59,"2019-03-26",2019-03-26
80.181763,115.572746,18.719999,"2019-03-27",2019-03-27
81.098503,115.649345,18.950001,"2019-03-28",2019-03-28
81.262558,116.673889,18.870001,"2019-03-29",2019-03-29
82.246872,117.775047,18.84,"2019-04-01",2019-04-01
81.416954,119.240051,19.030001,"2019-04-02",2019-04-02
81.513466,120.322044,19.139999,"2019-04-03",2019-04-03
82.295113,121.796638,19.77,"2019-04-04",2019-04-04
82.410912,122.361565,19.639999,"2019-04-05",2019-04-05
81.764351,121.030617,19.5,"2019-04-08",2019-04-08
81.330109,121.030617,18.709999,"2019-04-09",2019-04-09
81.909096,122.361565,19.32,"2019-04-10",2019-04-10
82.024918,121.37532,19.34,"2019-04-11",2019-04-11
83.221512,121.758331,19.690001,"2019-04-12",2019-04-12
83.790863,122.763733,19.77,"2019-04-15",2019-04-15
84.726913,123.998932,19.5,"2019-04-16",2019-04-16
85.624344,124.286179,19.66,"2019-04-17",2019-04-17
86.077873,124.755363,19.74,"2019-04-18",2019-04-18
84.302307,125.387329,19.540001,"2019-04-22",2019-04-22
84.369858,124.334068,19.940001,"2019-04-23",2019-04-23
85.296249,123.127579,20.299999,"2019-04-24",2019-04-24
84.495316,122.217941,20.1,"2019-04-25",2019-04-25
85.219055,122.53392,20.4,"2019-04-26",2019-04-26
85.170807,122.217941,20.559999,"2019-04-29",2019-04-29
84.755852,123.079704,20.719999,"2019-04-30",2019-04-30
82.893394,122.016861,19.68,"2019-05-01",2019-05-01
82.285446,122.371147,20.389999,"2019-05-02",2019-05-02
82.700401,133.631592,20.24,"2019-05-03",2019-05-03
80.644943,136.437134,19.860001,"2019-05-06",2019-05-06
79.651009,133.554977,19.51,"2019-05-07",2019-05-07
79.872963,138.160645,19.799999,"2019-05-08",2019-05-08
80.075615,136.015823,19.610001,"2019-05-09",2019-05-09
81.01165,138.471817,19.23,"2019-05-10",2019-05-10
79.64135,133.571457,18.530001,"2019-05-13",2019-05-13
80.741455,136.113831,19.129999,"2019-05-14",2019-05-14
81.06955,137.821671,18.950001,"2019-05-15",2019-05-15
81.330109,135.900345,19.360001,"2019-05-16",2019-05-16
81.609955,138.374802,20.700001,"2019-05-17",2019-05-17
79.950142,136.065308,20.860001,"2019-05-20",2019-05-20
80.712502,139.626556,21.16,"2019-05-21",2019-05-21
80.28791,142.256271,21.370001,"2019-05-22",2019-05-22
79.747505,140.732788,20.85,"2019-05-23",2019-05-23
79.284302,141.25679,20.91,"2019-05-24",2019-05-24
78.357918,142.654114,20.959999,"2019-05-28",2019-05-28
76.109474,139.791519,20.32,"2019-05-29",2019-05-29
76.485809,139.917679,20.440001,"2019-05-30",2019-05-30
74.647209,138.63678,20.23,"2019-05-31",2019-05-31
75.44072,140.839523,20.719999,"2019-06-03",2019-06-03
78.98246,141.295609,21.700001,"2019-06-04",2019-06-04
80.046883,140.315536,22.6,"2019-06-05",2019-06-05
79.785629,143.149017,22.530001,"2019-06-06",2019-06-06
80.7146,145.70108,22.889999,"2019-06-07",2019-06-07
79.911415,146.195984,22.690001,"2019-06-10",2019-06-10
80.569458,142.479462,23.1,"2019-06-11",2019-06-11
79.959801,140.878326,22.92,"2019-06-12",2019-06-12
80.908142,141.955444,23.49,"2019-06-13",2019-06-13
80.743622,141.994263,23.85,"2019-06-14",2019-06-14
79.456619,143.410995,23.52,"2019-06-17",2019-06-17
81.575859,148.738327,24,"2019-06-18",2019-06-18
80.850075,146.234787,23.75,"2019-06-19",2019-06-19
82.485451,147.797073,23.49,"2019-06-20",2019-06-20
82.978973,147.981461,23.1,"2019-06-21",2019-06-21
81.769371,146.409454,22.450001,"2019-06-24",2019-06-24
79.950111,144.459,21.860001,"2019-06-25",2019-06-25
79.882393,149.504944,22.07,"2019-06-26",2019-06-26
80.956512,146.642334,22.15,"2019-06-27",2019-06-27
81.237144,149.640793,22.200001,"2019-06-28",2019-06-28
82.649956,150.446182,22.07,"2019-07-01",2019-07-01
82.2145,149.941605,22.33,"2019-07-02",2019-07-02
83.414444,152.959457,22.700001,"2019-07-03",2019-07-03
84.014397,151.416565,22.65,"2019-07-05",2019-07-05
85.620758,152.629517,23.129999,"2019-07-08",2019-07-08
85.194984,153.250549,23.209999,"2019-07-09",2019-07-09
84.614388,152.386917,23.02,"2019-07-10",2019-07-10
85.436897,152.260788,23.219999,"2019-07-11",2019-07-11
86.240074,151.086624,23.98,"2019-07-12",2019-07-12
86.588432,152.289902,24.299999,"2019-07-15",2019-07-15
85.736877,153.124405,24.26,"2019-07-16",2019-07-16
84.672432,152.755676,23.83,"2019-07-17",2019-07-17
84.614388,154.473236,23.91,"2019-07-18",2019-07-18
83.753128,152.027893,23.950001,"2019-07-19",2019-07-19
83.191879,154.550858,23.610001,"2019-07-22",2019-07-22
83.898285,154.114197,24.16,"2019-07-23",2019-07-23
83.898285,153.143829,24.23,"2019-07-24",2019-07-24
84.459541,152.969147,24.139999,"2019-07-25",2019-07-25
84.711143,156.870041,24.17,"2019-07-26",2019-07-26
84.788551,156.30722,24.389999,"2019-07-29",2019-07-29
84.382118,150.931366,21.049999,"2019-07-30",2019-07-30
83.249931,154.735229,20.34,"2019-07-31",2019-07-31
80.43396,158.587585,19.120001,"2019-08-01",2019-08-01
78.517944,151.804718,19.190001,"2019-08-02",2019-08-02
76.418083,144.885956,18.4,"2019-08-05",2019-08-05
78.672783,148.466629,18.969999,"2019-08-06",2019-08-06
78.653435,150.514114,18.84,"2019-08-07",2019-08-07
80.317848,145.177094,18.799999,"2019-08-08",2019-08-08
79.330811,141.441147,18.15,"2019-08-09",2019-08-09
79.011467,142.741455,17.700001,"2019-08-12",2019-08-12
80.627502,142.353302,17.83,"2019-08-13",2019-08-13
78.411507,137.695511,16.959999,"2019-08-14",2019-08-14
76.940613,138.733826,16.5,"2019-08-15",2019-08-15
77.685745,138.675598,16.790001,"2019-08-16",2019-08-16
78.50827,139.578049,16.85,"2019-08-19",2019-08-19
77.927666,140.664871,16.74,"2019-08-20",2019-08-20
80.066254,142.828796,16.92,"2019-08-21",2019-08-21
80.617836,141.547882,17.139999,"2019-08-22",2019-08-22
77.840576,139.267532,16.15,"2019-08-23",2019-08-23
79.592087,141.072418,16.309999,"2019-08-26",2019-08-26
79.379196,141.722565,16.120001,"2019-08-27",2019-08-27
80.782341,142.702637,16.5,"2019-08-28",2019-08-28
82.620934,143.362488,16.959999,"2019-08-29",2019-08-29
81.980614,144.051453,16.92,"2019-08-30",2019-08-30
82.145538,144.478424,16.879999,"2019-09-03",2019-09-03
83.775444,146.195984,17.24,"2019-09-04",2019-09-04
85.783745,147.001389,17.91,"2019-09-05",2019-09-05
86.045692,149.272034,17.780001,"2019-09-06",2019-09-06
86.026283,148.91301,18.32,"2019-09-09",2019-09-09
84.241142,145.080032,18.6,"2019-09-10",2019-09-10
84.163536,145.13826,19.139999,"2019-09-11",2019-09-11
85.056091,148.45694,19.23,"2019-09-12",2019-09-12
84.71653,146.85582,19.07,"2019-09-13",2019-09-13
84.66803,143.410995,19.02,"2019-09-16",2019-09-16
84.978477,145.768997,19.02,"2019-09-17",2019-09-17
85.45388,147.001389,18.889999,"2019-09-18",2019-09-18
85.085205,147.020767,18.42,"2019-09-19",2019-09-19
84.095627,146.438568,17.98,"2019-09-20",2019-09-20
85.075508,145.963074,17.99,"2019-09-23",2019-09-23
84.580711,146.195984,17.66,"2019-09-24",2019-09-24
88.102486,143.469238,17.85,"2019-09-25",2019-09-25
89.421944,148.282257,17.969999,"2019-09-26",2019-09-26
89.557747,151.270996,17.790001,"2019-09-27",2019-09-27
91.119751,151.086624,18.129999,"2019-09-30",2019-09-30
89.528656,150.116272,18.01,"2019-10-01",2019-10-01
88.762215,143.255753,17.52,"2019-10-02",2019-10-02
89.470444,144.420197,17.5,"2019-10-03",2019-10-03
90.295105,145.526413,17.59,"2019-10-04",2019-10-04
90.39212,145.390564,17.469999,"2019-10-07",2019-10-07
89.014465,143.76033,17.35,"2019-10-08",2019-10-08
89.76149,149.204117,17.75,"2019-10-09",2019-10-09
90.22718,149.039154,17.85,"2019-10-10",2019-10-10
91.080948,149.69902,18.26,"2019-10-11",2019-10-11
92.051132,150.232712,18.23,"2019-10-14",2019-10-14
91.963821,153.47374,18.459999,"2019-10-15",2019-10-15
92.051132,151.358337,18.360001,"2019-10-16",2019-10-16
92.710854,152.629517,18.459999,"2019-10-17",2019-10-17
93.234749,152.881821,17.809999,"2019-10-18",2019-10-18
93.351196,153.512543,18.17,"2019-10-21",2019-10-21
92.749672,150.717911,19.42,"2019-10-22",2019-10-22
89.567459,148.748032,19.01,"2019-10-23",2019-10-23
88.771912,147.29248,19.01,"2019-10-24",2019-10-24
88.20919,147.87471,19.059999,"2019-10-25",2019-10-25
88.141296,150.174484,19.040001,"2019-10-28",2019-10-28
86.618095,149.01004,18.719999,"2019-10-29",2019-10-29
87.500977,150.426788,18.620001,"2019-10-30",2019-10-30
86.880043,149.776642,18.5,"2019-10-31",2019-10-31
86.52108,151.921143,18.91,"2019-11-01",2019-11-01
87.180801,154.570267,15.44,"2019-11-04",2019-11-04
87.200203,150.572342,16.309999,"2019-11-05",2019-11-05
86.812134,143.944702,16.51,"2019-11-06",2019-11-06
87.704697,147.011078,16.08,"2019-11-07",2019-11-07
87.132301,146.108643,15.88,"2019-11-08",2019-11-08
87.365143,144.895691,15.96,"2019-11-11",2019-11-11
86.831535,143.789444,15.58,"2019-11-12",2019-11-12
88.568169,141.732254,15.67,"2019-11-13",2019-11-13
88.548759,141.771072,15.56,"2019-11-14",2019-11-14
90.265991,143.575974,15.97,"2019-11-15",2019-11-15
91.372002,145.749603,15.72,"2019-11-18",2019-11-18
90.818985,145.953384,15.61,"2019-11-19",2019-11-19
90.275703,146.457962,15.43,"2019-11-20",2019-11-20
89.412239,146.768494,15.24,"2019-11-21",2019-11-21
90.55703,146.225082,15.66,"2019-11-22",2019-11-22
90.130157,146.758789,15.67,"2019-11-25",2019-11-25
90.547356,148.534561,16.469999,"2019-11-26",2019-11-26
91.333183,150.873154,17.49,"2019-11-27",2019-11-27
90.93924,151.42627,17.299999,"2019-11-29",2019-11-29
91.007324,147.884415,16.870001,"2019-12-02",2019-12-02
89.937347,150.446182,16.629999,"2019-12-03",2019-12-03
91.162956,149.223526,17.01,"2019-12-04",2019-12-04
93.176491,148.8936,17.200001,"2019-12-05",2019-12-05
94.353477,149.689285,17.440001,"2019-12-06",2019-12-06
93.993576,146.96257,17.690001,"2019-12-09",2019-12-09
94.36322,147.99115,17.690001,"2019-12-10",2019-12-10
94.528572,150.562637,17.51,"2019-12-11",2019-12-11
95.053833,150.455887,17.51,"2019-12-12",2019-12-12
95.102478,150.475311,17.780001,"2019-12-13",2019-12-13
96.11409,154.482925,18.59,"2019-12-16",2019-12-16
96.931175,155.065155,18.690001,"2019-12-17",2019-12-17
97.82608,155.899673,19.030001,"2019-12-18",2019-12-18
98.390236,155.41449,19.01,"2019-12-19",2019-12-19
97.232727,156.588623,19.299999,"2019-12-20",2019-12-20
97.310547,156.355759,19.370001,"2019-12-23",2019-12-23
97.407814,156.481888,19.4,"2019-12-24",2019-12-24
97.962257,157.394028,19.549999,"2019-12-26",2019-12-26
98.79879,158.442032,19.25,"2019-12-27",2019-12-27
98.049797,157.452255,18.99,"2019-12-30",2019-12-30
98.545868,157.976273,19.18,"2019-12-31",2019-12-31
99.411613,158.490555,19.24,"2020-01-02",2020-01-02
99.139244,157.850113,19.27,"2020-01-03",2020-01-03
99.051704,158.121811,18.370001,"2020-01-06",2020-01-06
99.003059,159.6259,18.59,"2020-01-07",2020-01-07
98.779343,163.808182,18.16,"2020-01-08",2020-01-08
98.711243,167.466476,17.780001,"2020-01-09",2020-01-09
98.147064,166.389374,17.77,"2020-01-10",2020-01-10
99.372696,167.874039,18.040001,"2020-01-13",2020-01-13
100.111954,169.21315,18.76,"2020-01-14",2020-01-14
99.985504,171.03743,18.9,"2020-01-15",2020-01-15
100.54969,170.552261,19.02,"2020-01-16",2020-01-16
101.678032,167.815811,18.370001,"2020-01-17",2020-01-17
101.726669,167.776993,18.09,"2020-01-21",2020-01-21
101.639114,169.329605,18.309999,"2020-01-22",2020-01-22
100.209229,167.485901,18.780001,"2020-01-23",2020-01-23
99.246246,166.14679,18.610001,"2020-01-24",2020-01-24
97.505089,160.373077,18.450001,"2020-01-27",2020-01-27
97.670441,161.168777,18.68,"2020-01-28",2020-01-28
97.115982,157.704559,18.68,"2020-01-29",2020-01-29
95.511017,157.68515,18.549999,"2020-01-30",2020-01-30
93.672585,153.47374,17.959999,"2020-01-31",2020-01-31
96.561546,153.027374,17.98,"2020-02-03",2020-02-03
98.613968,156.501297,18.42,"2020-02-04",2020-02-04
97.79689,155.608551,18.5,"2020-02-05",2020-02-05
97.534256,154.541153,18.4,"2020-02-06",2020-02-06
96.726913,153.269958,17.969999,"2020-02-07",2020-02-07
97.291084,151.833832,18.15,"2020-02-10",2020-02-10
97.291084,152.115234,15.12,"2020-02-11",2020-02-11
100.189781,154.03656,15.45,"2020-02-12",2020-02-12
100.54969,151.688263,15.13,"2020-02-13",2020-02-13
100.715034,151.484497,15.45,"2020-02-14",2020-02-14
99.217064,149.58255,15,"2020-02-18",2020-02-18
99.664505,153.347595,14.96,"2020-02-19",2020-02-19
99.732597,150.349152,14.94,"2020-02-20",2020-02-20
97.514801,148.563675,14.57,"2020-02-21",2020-02-21
93.293221,138.665894,14.14,"2020-02-24",2020-02-24
90.365349,137.986633,13.46,"2020-02-25",2020-02-25
89.489891,137.355896,13.04,"2020-02-26",2020-02-26
86.134041,135.463684,12.55,"2020-02-27",2020-02-27
87.182602,135.036713,12.48,"2020-02-28",2020-02-28
90.401474,133.416199,12.49,"2020-03-02",2020-03-02
88.694489,134.658279,12.2,"2020-03-03",2020-03-03
91.484177,138.326263,12.39,"2020-03-04",2020-03-04
88.353111,134.143982,11.73,"2020-03-05",2020-03-05
86.187668,132.212936,11.14,"2020-03-06",2020-03-06
82.042168,123.702789,9.91,"2020-03-09",2020-03-09
86.129158,125.701736,10.29,"2020-03-10",2020-03-10
81.934868,108.642647,9.99,"2020-03-11",2020-03-11
72.375801,93.10701,8.75,"2020-03-12",2020-03-12
73.721863,94.417023,9.48,"2020-03-13",2020-03-13
65.147972,91.622353,8.33,"2020-03-16",2020-03-16
68.122986,92.379234,8.96,"2020-03-17",2020-03-17
66.367226,87.420647,7.39,"2020-03-18",2020-03-18
68.610695,91.612648,8.01,"2020-03-19",2020-03-19
65.79174,94.106499,7.23,"2020-03-20",2020-03-20
61.256058,93.863907,7.14,"2020-03-23",2020-03-23
70.551773,102.422577,8.01,"2020-03-24",2020-03-24
77.067558,111.107384,8.24,"2020-03-25",2020-03-25
82.227493,115.677826,8.76,"2020-03-26",2020-03-26
81.1838,111.330574,8.32,"2020-03-27",2020-03-27
83.280937,111.611969,8.41,"2020-03-30",2020-03-30
80.705833,108.167168,8.06,"2020-03-31",2020-03-31
77.282143,104.586494,7.45,"2020-04-01",2020-04-01
78.169754,102.665169,6.89,"2020-04-02",2020-04-02
76.921211,98.832199,7.48,"2020-04-03",2020-04-03
82.54937,105.867378,8,"2020-04-06",2020-04-06
82.090927,109.312202,8.39,"2020-04-07",2020-04-07
83.202919,114.358124,8.64,"2020-04-08",2020-04-08
84.656273,120.549088,9.35,"2020-04-09",2020-04-09
82.383553,117.987305,8.73,"2020-04-13",2020-04-13
85.319557,120.966347,8.97,"2020-04-14",2020-04-14
82.949295,113.775902,8.65,"2020-04-15",2020-04-15
84.178322,111.757523,8.36,"2020-04-16",2020-04-16
87.699577,116.44442,8.89,"2020-04-17",2020-04-17
85.738968,115.891304,8.64,"2020-04-20",2020-04-20
83.105362,111.922493,8.52,"2020-04-21",2020-04-21
86.587608,109.118126,8.56,"2020-04-22",2020-04-22
85.202499,107.71109,8.74,"2020-04-23",2020-04-23
86.197426,108.749382,8.97,"2020-04-24",2020-04-24
87.172844,108.778488,9.35,"2020-04-27",2020-04-27
86.616875,107.468498,9.64,"2020-04-28",2020-04-28
85.904785,112.417381,9.79,"2020-04-29",2020-04-29
85.036674,110.816269,9.27,"2020-04-30",2020-04-30
83.437004,108.827011,8.76,"2020-05-01",2020-05-01
83.641838,105.091087,8.71,"2020-05-04",2020-05-04
85.05619,104.508865,8.46,"2020-05-05",2020-05-05
86.265709,104.062492,8.23,"2020-05-06",2020-05-06
86.382759,110.010872,8.61,"2020-05-07",2020-05-07
88.236053,109.166649,8.94,"2020-05-08",2020-05-08
88.694489,107.798424,8,"2020-05-11",2020-05-11
86.090126,105.547157,7.68,"2020-05-12",2020-05-12
83.905197,103.344421,6.93,"2020-05-13",2020-05-13
84.422188,103.286201,6.91,"2020-05-14",2020-05-14
84.851357,105.59568,6.91,"2020-05-15",2020-05-15
88.801788,114.464867,7.3,"2020-05-18",2020-05-18
89.260239,114.0476,7.08,"2020-05-19",2020-05-19
90.664841,116.813156,7.47,"2020-05-20",2020-05-20
91.942642,115.134422,7.7,"2020-05-21",2020-05-21
91.445168,115.668121,7.38,"2020-05-22",2020-05-22
94.244614,121.179825,7.86,"2020-05-26",2020-05-26
97.414703,125.449455,8.51,"2020-05-27",2020-05-27
96.039375,127.128181,8.12,"2020-05-28",2020-05-28
96.396286,129.233887,7.86,"2020-05-29",2020-05-29
97.335014,132.639908,8.26,"2020-06-01",2020-06-01
98.508438,131.232864,8.41,"2020-06-02",2020-06-02
101.803787,137.792557,9.19,"2020-06-03",2020-06-03
99.036469,140.22818,9.3,"2020-06-04",2020-06-04
100.434807,144.759811,9.84,"2020-06-05",2020-06-05
101.979782,142.460037,10.22,"2020-06-08",2020-06-08
100.35656,138.685303,9.71,"2020-06-09",2020-06-09
99.857872,136.831894,9.42,"2020-06-10",2020-06-10
93.061813,126.390709,8.52,"2020-06-11",2020-06-11
94.293915,127.361092,8.68,"2020-06-12",2020-06-12
95.672676,129.049545,8.8,"2020-06-15",2020-06-15
96.846092,130.747681,9.28,"2020-06-16",2020-06-16
97.012329,131.339615,8.85,"2020-06-17",2020-06-17
96.269165,130.776794,8.81,"2020-06-18",2020-06-18
93.658287,128.079163,8.6,"2020-06-19",2020-06-19
97.305695,129.534714,8.58,"2020-06-22",2020-06-22
99.6623,132.872787,8.93,"2020-06-23",2020-06-23
97.863052,128.108276,8.58,"2020-06-24",2020-06-24
99.153809,131.708328,8.67,"2020-06-25",2020-06-25
91.595055,126.148117,8.26,"2020-06-26",2020-06-26
93.746323,126.43924,8.88,"2020-06-29",2020-06-29
95.878029,127.778343,8.84,"2020-06-30",2020-06-30
95.242424,129.146561,8.65,"2020-07-01",2020-07-01
96.249603,133.066864,8.68,"2020-07-02",2020-07-02
97.735931,136.036194,9,"2020-07-06",2020-07-06
94.919731,131.22316,8.6,"2020-07-07",2020-07-07
96.65052,130.99028,8.64,"2020-07-08",2020-07-08
94.841492,129.573517,8.29,"2020-07-09",2020-07-09
95.819351,129.73848,8.63,"2020-07-10",2020-07-10
94.32325,131.135818,8.46,"2020-07-13",2020-07-13
94.616615,130.485672,8.49,"2020-07-14",2020-07-14
96.357162,134.260406,9.18,"2020-07-15",2020-07-15
95.10553,132.397308,9.19,"2020-07-16",2020-07-16
94.147224,132.232346,9.13,"2020-07-17",2020-07-17
93.531189,134.658279,8.82,"2020-07-20",2020-07-20
96.181152,137.792557,9.44,"2020-07-21",2020-07-21
96.718964,138.500931,9.42,"2020-07-22",2020-07-22
96.12249,135.735382,9.78,"2020-07-23",2020-07-23
96.249603,135.124054,9.83,"2020-07-24",2020-07-24
95.056633,136.793076,9.95,"2020-07-27",2020-07-27
94.137459,135.463684,10.03,"2020-07-28",2020-07-28
94.821945,139.180191,10.33,"2020-07-29",2020-07-29
94.67527,135.609238,10.18,"2020-07-30",2020-07-30
95.447754,133.309464,9.49,"2020-07-31",2020-07-31
96.15181,136.104111,8.79,"2020-08-03",2020-08-03
95.173958,135.929459,8.94,"2020-08-04",2020-08-04
98.704002,138.083679,9.44,"2020-08-05",2020-08-05
98.224861,142.071899,9.04,"2020-08-06",2020-08-06
99.603622,142.498856,9.2,"2020-08-07",2020-08-07
103.074997,146.525894,9.6,"2020-08-10",2020-08-10
102.791412,148.466629,9.8,"2020-08-11",2020-08-11
102.889191,151.435959,9.77,"2020-08-12",2020-08-12
104.1604,153.58049,9.66,"2020-08-13",2020-08-13
104.072388,152.590714,9.6,"2020-08-14",2020-08-14
103.319458,154.560547,9.41,"2020-08-17",2020-08-17
104.600426,155.647369,9.23,"2020-08-18",2020-08-18
105.988976,150.329742,9.02,"2020-08-19",2020-08-19
105.617393,150.504425,8.79,"2020-08-20",2020-08-20
107.318848,148.088196,8.77,"2020-08-21",2020-08-21
109.352776,147.826187,9.19,"2020-08-24",2020-08-24
109.039856,147.835892,9.11,"2020-08-25",2020-08-25
109.059425,147.981461,8.89,"2020-08-26",2020-08-26
108.384697,146.49678,8.96,"2020-08-27",2020-08-27
110.04583,146.613235,9.14,"2020-08-28",2020-08-28
109.653816,148.350189,8.85,"2020-08-31",2020-08-31
112.544853,147.098404,9.17,"2020-09-01",2020-09-01
114.465698,153.24086,9.38,"2020-09-02",2020-09-02
110.59462,151.930862,9.38,"2020-09-03",2020-09-03
110.153618,151.7659,9.32,"2020-09-04",2020-09-04
110.467224,147.99115,9.74,"2020-09-08",2020-09-08
112.603661,152.910934,9.36,"2020-09-09",2020-09-09
112.495857,154.71582,9.48,"2020-09-10",2020-09-10
115.641693,156.530411,9.9,"2020-09-11",2020-09-11
116.896118,159.218338,10.3,"2020-09-14",2020-09-14
116.886322,160.217819,10.25,"2020-09-15",2020-09-15
116.219902,161.294922,10.7,"2020-09-16",2020-09-16
114.034477,160.838852,10.44,"2020-09-17",2020-09-17
112.368462,161.042633,10.06,"2020-09-18",2020-09-18
111.104248,155.938492,9.36,"2020-09-21",2020-09-21
114.534294,155.802628,9.53,"2020-09-22",2020-09-22
124.569641,159.548264,10,"2020-09-23",2020-09-23
122.256798,157.927734,9.67,"2020-09-24",2020-09-24
121.7472,158.665207,9.82,"2020-09-25",2020-09-25
121.835388,160.31485,10.04,"2020-09-28",2020-09-28
123.824814,160.567154,9.77,"2020-09-29",2020-09-29
123.031013,158.296494,9.84,"2020-09-30",2020-09-30
124.109032,159.198929,10.35,"2020-10-01",2020-10-01
124.109032,158.218857,10.54,"2020-10-02",2020-10-02
125.353653,157.510483,10.59,"2020-10-05",2020-10-05
125.098846,156.346039,10.2,"2020-10-06",2020-10-06
127.46067,159.247452,10.61,"2020-10-07",2020-10-07
127.117676,158.83989,10.96,"2020-10-08",2020-10-08
128.362274,162.071228,10.97,"2020-10-09",2020-10-09
126.872673,163.934341,11.06,"2020-10-12",2020-10-12
126.617867,163.099823,11.11,"2020-10-13",2020-10-13
125.108643,161.79953,10.93,"2020-10-14",2020-10-14
126.421867,157.927734,11.26,"2020-10-15",2020-10-15
125.441849,161.324036,11.3,"2020-10-16",2020-10-16
124.883247,160.499222,11.56,"2020-10-19",2020-10-19
125.922058,162.226471,11.78,"2020-10-20",2020-10-20
126.843262,158.160645,12.11,"2020-10-21",2020-10-21
127.421486,161.983887,12.43,"2020-10-22",2020-10-22
127.392097,162.701965,12.74,"2020-10-23",2020-10-23
125.804459,157.151443,12.23,"2020-10-26",2020-10-26
125.432037,155.676468,11.93,"2020-10-27",2020-10-27
119.640182,145.652557,11.66,"2020-10-28",2020-10-28
120.404572,147.486557,12.04,"2020-10-29",2020-10-29
117.680138,144.206711,12.23,"2020-10-30",2020-10-30
119.94397,146.525894,12.78,"2020-11-02",2020-11-02
122.099991,153.007965,13.01,"2020-11-03",2020-11-03
124.795036,152.464569,12.77,"2020-11-04",2020-11-04
127.107864,158.238266,13.18,"2020-11-05",2020-11-05
126.323868,160.508926,13.03,"2020-11-06",2020-11-06
126.372864,170.173813,13.52,"2020-11-09",2020-11-09
125.157646,161.945068,13.27,"2020-11-10",2020-11-10
125.108643,160.567154,12.82,"2020-11-11",2020-11-11
124.109032,156.006424,12.61,"2020-11-12",2020-11-12
125.716255,155.909378,13.15,"2020-11-13",2020-11-13
127.509674,158.015076,13.86,"2020-11-16",2020-11-16
129.567719,160.528336,14.17,"2020-11-17",2020-11-17
128.999298,162.304108,14.37,"2020-11-18",2020-11-18
129.273697,163.594696,14.69,"2020-11-19",2020-11-19
130.322311,162.04213,14.64,"2020-11-20",2020-11-20
131.449341,162.071228,14.5,"2020-11-23",2020-11-23
132.00795,161.518112,14.93,"2020-11-24",2020-11-24
132.831146,158.694321,14.82,"2020-11-25",2020-11-25
131.56694,157.869522,14.71,"2020-11-27",2020-11-27
132.00795,155.356262,14.55,"2020-11-30",2020-11-30
132.733154,160.09166,14.69,"2020-12-01",2020-12-01
132.870346,157.966537,14.51,"2020-12-02",2020-12-02
134.222794,162.04213,14.97,"2020-12-03",2020-12-03
134.718674,162.401154,14.83,"2020-12-04",2020-12-04
136.250595,164.652405,15,"2020-12-07",2020-12-07
136.613937,165.059967,15.21,"2020-12-08",2020-12-08
136.289871,166.311752,15.39,"2020-12-09",2020-12-09
135.101669,169.649826,15.39,"2020-12-10",2020-12-10
134.934723,167.350037,15.1,"2020-12-11",2020-12-11
133.825073,169.232559,14.97,"2020-12-14",2020-12-14
136.879028,171.813736,15.45,"2020-12-15",2020-12-15
135.847961,171.774918,15.29,"2020-12-16",2020-12-16
137.969055,175.685516,15.23,"2020-12-17",2020-12-17
134.807083,173.172256,15.1,"2020-12-18",2020-12-18
141.425659,172.347443,15.09,"2020-12-21",2020-12-21
139.883926,173.337234,14.68,"2020-12-22",2020-12-22
139.20636,173.967957,15.09,"2020-12-23",2020-12-23
139.04924,175.074188,15.05,"2020-12-24",2020-12-24
139.864273,177.160492,14.96,"2020-12-28",2020-12-28
139.019791,177.907654,14.65,"2020-12-29",2020-12-29
139.029587,178.062927,15.08,"2020-12-30",2020-12-30
138.921585,177.568039,14.88,"2020-12-31",2020-12-31
137.576279,175.481735,15.06,"2021-01-04",2021-01-04
138.685913,173.424545,15.45,"2021-01-05",2021-01-05
139.785767,174.375519,15.51,"2021-01-06",2021-01-06
142.338898,172.939377,15.59,"2021-01-07",2021-01-07
143.713684,175.704926,15.25,"2021-01-08",2021-01-08
144.401062,172.580338,15.52,"2021-01-11",2021-01-11
142.437119,170.717209,16.33,"2021-01-12",2021-01-12
140.463303,172.250397,15.91,"2021-01-13",2021-01-13
138.754639,170.561966,15.95,"2021-01-14",2021-01-14
138.185089,164.836761,15.59,"2021-01-15",2021-01-15
136.76123,169.135513,15.56,"2021-01-19",2021-01-19
140.227631,168.349533,15.97,"2021-01-20",2021-01-20
139.059052,169.019073,16.110001,"2021-01-21",2021-01-21
136.839798,164.671814,15.89,"2021-01-22",2021-01-22
135.072189,159.722946,15.94,"2021-01-25",2021-01-25
132.666336,163.905228,15.87,"2021-01-26",2021-01-26
128.659836,158.199448,14.77,"2021-01-27",2021-01-27
132.293182,156.21991,15.17,"2021-01-28",2021-01-28
131.183517,155.103958,14.97,"2021-01-29",2021-01-29
133.265335,159.266861,15.41,"2021-02-01",2021-02-01
137.075455,163.255081,16,"2021-02-02",2021-02-02
136.132767,162.051819,16.790001,"2021-02-03",2021-02-03
138.09671,159.965515,17.360001,"2021-02-04",2021-02-04
142.496002,163.555893,17.74,"2021-02-05",2021-02-05
140.82666,164.565079,17.700001,"2021-02-08",2021-02-08
139.235809,167.835236,17.540001,"2021-02-09",2021-02-09
139.893753,164.720337,18.76,"2021-02-10",2021-02-10
140.954285,172.910263,19.209999,"2021-02-11",2021-02-11
139.559875,171.833145,18.84,"2021-02-12",2021-02-12
139.157257,173.870911,18.620001,"2021-02-16",2021-02-16
141.396194,171.27034,18.67,"2021-02-17",2021-02-17
142.476364,169.795364,18.51,"2021-02-18",2021-02-18
139.46167,172.7453,18.959999,"2021-02-19",2021-02-19
134.208054,172.18248,18.540001,"2021-02-22",2021-02-22
133.67778,171.823456,18.299999,"2021-02-23",2021-02-23
133.206421,170.998627,18.299999,"2021-02-24",2021-02-24
133.098404,172.260117,18.1,"2021-02-25",2021-02-25
132.621185,170.435806,18.200001,"2021-02-26",2021-02-26
135.445221,172.30864,18.950001,"2021-03-01",2021-03-01
134.825302,171.076248,19.02,"2021-03-02",2021-03-02
132.109497,169.310181,19.27,"2021-03-03",2021-03-03
129.925064,162.158554,18.969999,"2021-03-04",2021-03-04
131.214081,158.636124,18.74,"2021-03-05",2021-03-05
132.404694,161.062042,19.110001,"2021-03-08",2021-03-08
133.77243,158.568192,18.709999,"2021-03-09",2021-03-09
135.386169,168.029312,18.860001,"2021-03-10",2021-03-10
138.928497,174.637512,19.040001,"2021-03-11",2021-03-11
138.200363,174.773376,19.450001,"2021-03-12",2021-03-12
142.618439,169.591599,20.190001,"2021-03-15",2021-03-15
142.333084,166.554321,19.5,"2021-03-16",2021-03-16
142.500366,166.990997,19.25,"2021-03-17",2021-03-17
140.876801,165.457809,19.42,"2021-03-18",2021-03-18
135.287766,163.177444,19.25,"2021-03-19",2021-03-19
136.055298,161.663681,19.43,"2021-03-22",2021-03-22
134.923691,161.945068,18.58,"2021-03-23",2021-03-23
131.02713,159.460922,18.139999,"2021-03-24",2021-03-24
126.579521,151.096344,18.32,"2021-03-25",2021-03-25
130.859848,151.445679,18.309999,"2021-03-26",2021-03-26
131.351837,151.668869,17.65,"2021-03-29",2021-03-29
130.82048,150.717911,17.9,"2021-03-30",2021-03-30
130.761459,152.357803,18.459999,"2021-03-31",2021-03-31
130.407227,156.443085,18.27,"2021-04-01",2021-04-01
132.955719,159.412415,18.879999,"2021-04-05",2021-04-05
134.963058,158.063599,19.1,"2021-04-06",2021-04-06
134.352982,156.753586,18.82,"2021-04-07",2021-04-07
131.538773,159.849075,18.98,"2021-04-08",2021-04-08
133.280426,161.886856,19.18,"2021-04-09",2021-04-09
134.45137,163.720856,19.190001,"2021-04-12",2021-04-12
131.401016,163.274475,18.559999,"2021-04-13",2021-04-13
130.141541,161.081436,18.43,"2021-04-14",2021-04-14
131.528961,161.712173,18.309999,"2021-04-15",2021-04-15
132.158676,161.954773,18.42,"2021-04-16",2021-04-16
130.446579,162.003296,18.07,"2021-04-19",2021-04-19
125.074036,158.083008,17.790001,"2021-04-20",2021-04-20
127.819328,159.490036,18.73,"2021-04-21",2021-04-21
127.11087,157.248489,19.02,"2021-04-22",2021-04-22
128.104706,156.578934,19.26,"2021-04-23",2021-04-23
129.492111,155.327164,19.52,"2021-04-26",2021-04-26
129.993958,154.657593,19.91,"2021-04-27",2021-04-27
128.616394,152.862411,19.77,"2021-04-28",2021-04-28
131.125488,153.861877,20.09,"2021-04-29",2021-04-29
130.495789,150.203583,19.91,"2021-04-30",2021-04-30
130.8992,153.221436,19.879999,"2021-05-03",2021-05-03
129.442932,148.8936,19.719999,"2021-05-04",2021-05-04
130.092361,152.22197,21.129999,"2021-05-05",2021-05-05
131.351837,153.182632,20.440001,"2021-05-06",2021-05-06
135.602661,164.807663,20.24,"2021-05-07",2021-05-07
134.215225,167.932266,19.27,"2021-05-10",2021-05-10
134.923691,168.854111,19.190001,"2021-05-11",2021-05-11
131.253418,168.601822,18.35,"2021-05-12",2021-05-12
131.469925,170.234161,18.379999,"2021-05-13",2021-05-13
133.752747,172.792969,19.01,"2021-05-14",2021-05-14
134.225082,177.979202,19.360001,"2021-05-17",2021-05-17
133.388672,175.587067,18.98,"2021-05-18",2021-05-18
130.830338,176.185104,18.469999,"2021-05-19",2021-05-19
131.135361,179.047821,18.26,"2021-05-20",2021-05-20
130.535141,179.832123,18.110001,"2021-05-21",2021-05-21
131.912689,183.018372,17.91,"2021-05-24",2021-05-24
132.168533,180.390945,17.940001,"2021-05-25",2021-05-25
134.697388,178.038025,18.32,"2021-05-26",2021-05-26
134.372665,178.685074,19.23,"2021-05-27",2021-05-27
134.545197,179.7733,19.059999,"2021-05-28",2021-05-28
132.622559,179.096832,19.629999,"2021-06-01",2021-06-01
132.287338,178.606644,19.549999,"2021-06-02",2021-06-02
132.287338,178.42038,19.059999,"2021-06-03",2021-06-03
131.863358,177.596848,19.02,"2021-06-04",2021-06-04
132.070435,177.881165,19.25,"2021-06-07",2021-06-07
131.478851,176.881165,19.309999,"2021-06-08",2021-06-08
129.990021,175.420395,18.620001,"2021-06-09",2021-06-09
129.142105,175.489029,18.24,"2021-06-10",2021-06-10
130.088623,175.734116,18.469999,"2021-06-11",2021-06-11
129.516785,175.165497,17.940001,"2021-06-14",2021-06-14
128.461777,174.479233,17.93,"2021-06-15",2021-06-15
128.570236,172.92041,18.01,"2021-06-16",2021-06-16
127.111008,170.743958,17.58,"2021-06-17",2021-06-17
126.608162,167.871429,17.32,"2021-06-18",2021-06-18
128.25473,170.440048,17.709999,"2021-06-21",2021-06-21
130.621048,170.812576,17.82,"2021-06-22",2021-06-22
131.232361,170.694931,18.389999,"2021-06-23",2021-06-23
131.725342,171.851791,18.629999,"2021-06-24",2021-06-24
152.184189,181.390945,19.1,"2021-06-25",2021-06-25
150.222092,181.341919,18.530001,"2021-06-28",2021-06-28
153.761719,185.734055,18.540001,"2021-06-29",2021-06-29
152.322205,183.116425,18.57,"2021-06-30",2021-06-30
155.782959,183.087006,18.799999,"2021-07-01",2021-07-01
157.49855,184.008575,18.73,"2021-07-02",2021-07-02
157.863373,181.537994,18.59,"2021-07-06",2021-07-06
157.912659,184.616409,18.309999,"2021-07-07",2021-07-07
158.376068,183.841919,18.08,"2021-07-08",2021-07-08
158.74086,185.577179,18.82,"2021-07-09",2021-07-09
159.549362,187.018356,18.76,"2021-07-12",2021-07-12
159.322586,185.77327,18.290001,"2021-07-13",2021-07-13
159.27327,187.194824,18.129999,"2021-07-14",2021-07-14
159.421173,182.910553,17.780001,"2021-07-15",2021-07-15
157.606995,179.802719,17.049999,"2021-07-16",2021-07-16
155.65477,177.087051,16.73,"2021-07-19",2021-07-19
157.49855,177.7341,17.35,"2021-07-20",2021-07-20
158.819748,179.430176,17.73,"2021-07-21",2021-07-21
161.383255,179.420364,17.48,"2021-07-22",2021-07-22
164.02565,183.341904,17.639999,"2021-07-23",2021-07-23
162.773468,180.881149,17.809999,"2021-07-26",2021-07-26
162.260773,179.920364,17.559999,"2021-07-27",2021-07-27
163.13829,179.528214,17.450001,"2021-07-28",2021-07-28
164.646805,179.763504,17.459999,"2021-07-29",2021-07-29
165.159515,178.479202,17.52,"2021-07-30",2021-07-30
166.382111,184.46936,18.1,"2021-08-02",2021-08-02
168.827316,189.224213,19.219999,"2021-08-03",2021-08-03
169.497787,194.783005,20.51,"2021-08-04",2021-08-04
171.410553,184.802689,21.23,"2021-08-05",2021-08-05
170.375275,180.390945,21.15,"2021-08-06",2021-08-06
169.359741,180.410568,21.309999,"2021-08-09",2021-08-09
169.852722,177.939987,21.75,"2021-08-10",2021-08-10
168.86676,177.204697,21.9,"2021-08-11",2021-08-11
168.24559,180.910553,21.9,"2021-08-12",2021-08-12
169.280884,184.694839,21.57,"2021-08-13",2021-08-13
169.941452,181.69487,21.17,"2021-08-16",2021-08-16
168.26532,178.067444,19.92,"2021-08-17",2021-08-17
166.441284,175.440002,19.709999,"2021-08-18",2021-08-18
163.266434,173.84198,19.049999,"2021-08-19",2021-08-19
165.435593,173.68512,19.74,"2021-08-20",2021-08-20
167.338516,177.224304,20.08,"2021-08-23",2021-08-23
167.594864,175.792938,20.709999,"2021-08-24",2021-08-24
167.456818,177.096848,20.82,"2021-08-25",2021-08-25
164.577774,175.312561,20.32,"2021-08-26",2021-08-26
165.501205,176.145874,20.809999,"2021-08-27",2021-08-27
165.945602,174.822372,20.84,"2021-08-30",2021-08-30
162.696426,174.018448,20.059999,"2021-08-31",2021-08-31
162.518661,175.018448,20.25,"2021-09-01",2021-09-01
161.639694,175.606659,20.200001,"2021-09-02",2021-09-02
161.26442,173.743942,20.280001,"2021-09-03",2021-09-03
160.622467,173.783142,19.860001,"2021-09-07",2021-09-07
158.716431,172.449814,19.5,"2021-09-08",2021-09-08
161.313782,172.753754,20,"2021-09-09",2021-09-09
161.560684,172.773346,19.610001,"2021-09-10",2021-09-10
157.541168,172.675323,19.040001,"2021-09-13",2021-09-13
156.790604,169.743958,18.75,"2021-09-14",2021-09-14
155.951157,165.440063,18.82,"2021-09-15",2021-09-15
155.645004,165.116547,18.790001,"2021-09-16",2021-09-16
154.47963,162.7146,18.42,"2021-09-17",2021-09-17
152.336533,161.469513,18.01,"2021-09-20",2021-09-20
153.097,162.400864,18.040001,"2021-09-21",2021-09-21
155.486969,163.391068,18.280001,"2021-09-22",2021-09-22
157.600433,166.763596,18.709999,"2021-09-23",2021-09-23
147.734344,161.606766,18.68,"2021-09-24",2021-09-24
146.203583,159.479324,18.58,"2021-09-27",2021-09-27
143.497574,153.234268,18.370001,"2021-09-28",2021-09-28
144.208649,154.018585,18.1,"2021-09-29",2021-09-29
143.428436,155.01857,17.52,"2021-09-30",2021-09-30
145.235748,155.498962,18.059999,"2021-10-01",2021-10-01
145.314743,151.920563,18,"2021-10-04",2021-10-04
147.605988,149.802917,18.27,"2021-10-05",2021-10-05
146.954147,149.146072,17.91,"2021-10-06",2021-10-06
149.966339,150.94017,18.280001,"2021-10-07",2021-10-07
150.588501,148.655869,17.75,"2021-10-08",2021-10-08
148.415771,147.616669,17.459999,"2021-10-11",2021-10-11
151.447723,146.90097,17.73,"2021-10-12",2021-10-12
154.36113,150.106842,17.75,"2021-10-13",2021-10-13
155.19072,151.959763,17.879999,"2021-10-14",2021-10-14
156.049911,156.459732,17.790001,"2021-10-15",2021-10-15
157.452286,154.224457,17.940001,"2021-10-18",2021-10-18
155.862259,153.753876,17.85,"2021-10-19",2021-10-19
156.484451,153.655838,17.709999,"2021-10-20",2021-10-20
160.168167,157.528351,18.1,"2021-10-21",2021-10-21
161.452042,158.449921,17.92,"2021-10-22",2021-10-22
162.182892,158.420502,18.280001,"2021-10-25",2021-10-25
161.758209,159.106766,18.559999,"2021-10-26",2021-10-26
160.33609,158.802856,18.639999,"2021-10-27",2021-10-27
162.419907,162.420486,18.870001,"2021-10-28",2021-10-28
165.214783,160.498932,18.879999,"2021-10-29",2021-10-29
164.266708,162.361664,19.030001,"2021-11-01",2021-11-01
165.748108,162.136169,21.68,"2021-11-02",2021-11-02
170.360153,166.743988,22.5,"2021-11-03",2021-11-03
173.263687,166.420456,22.110001,"2021-11-04",2021-11-04
175.308029,168.940048,21.34,"2021-11-05",2021-11-05
169.718231,166.998886,21.120001,"2021-11-08",2021-11-08
171.663803,168.312592,21.129999,"2021-11-09",2021-11-09
166.17276,158.881287,21.120001,"2021-11-10",2021-11-10
164.898758,158.37149,21.139999,"2021-11-11",2021-11-11
166.992447,157.891098,21.290001,"2021-11-12",2021-11-12
166.755432,157.6362,21.870001,"2021-11-15",2021-11-15
169.698486,158.646011,22.440001,"2021-11-16",2021-11-16
169.609604,158.253845,22.219999,"2021-11-17",2021-11-17
169.224426,158.244049,22.6,"2021-11-18",2021-11-18
172.710648,156.263657,22.629999,"2021-11-19",2021-11-19
172.078583,153.410736,21.5,"2021-11-22",2021-11-22
170.014511,150.391144,21.200001,"2021-11-23",2021-11-23
169.895981,148.077438,21.35,"2021-11-24",2021-11-24
165.93576,140.852005,20.629999,"2021-11-26",2021-11-26
167.762772,141.224548,20.940001,"2021-11-29",2021-11-29
167.14061,141.763763,20.07,"2021-11-30",2021-11-30
164.632111,142.155914,19.540001,"2021-12-01",2021-12-01
167.891174,142.332367,19.959999,"2021-12-02",2021-12-02
168.430389,138.940247,19.98,"2021-12-03",2021-12-03
167.114517,141.234344,20.370001,"2021-12-06",2021-12-06
169.469208,146.195099,20.76,"2021-12-07",2021-12-07
168.440277,146.273529,20.66,"2021-12-08",2021-12-08
166.313141,142.871582,20.32,"2021-12-09",2021-12-09
167.262924,141.881409,20.059999,"2021-12-10",2021-12-10
165.066498,139.685333,19.25,"2021-12-13",2021-12-13
163.641815,137.253983,19.01,"2021-12-14",2021-12-14
162.157761,140.293182,19.049999,"2021-12-15",2021-12-15
160.990311,138.793198,18.190001,"2021-12-16",2021-12-16
159.64476,138.15593,17.709999,"2021-12-17",2021-12-17
155.31134,136.499084,17.059999,"2021-12-20",2021-12-20
164.858765,137.185349,17.459999,"2021-12-21",2021-12-21
163.681381,138.73436,17.360001,"2021-12-22",2021-12-22
163.908936,139.479462,17.549999,"2021-12-23",2021-12-23
165.79866,141.038269,17.719999,"2021-12-27",2021-12-27
164.651001,140.910812,17.77,"2021-12-28",2021-12-28
166.985886,141.371597,17.940001,"2021-12-29",2021-12-29
165.70961,140.214752,17.99,"2021-12-30",2021-12-30
164.898331,141.175522,18.040001,"2021-12-31",2021-12-31
162.919586,144.263733,18.07,"2022-01-03",2022-01-03
164.621307,143.185318,18.209999,"2022-01-04",2022-01-04
160.525299,142.440216,17.48,"2022-01-05",2022-01-05
159.328171,140.126511,17.66,"2022-01-06",2022-01-06
155.301437,138.067703,16.98,"2022-01-07",2022-01-07
148.840851,138.626511,16.68,"2022-01-10",2022-01-10
148.702347,142.812775,16.66,"2022-01-11",2022-01-11
150.592041,142.724533,16.700001,"2022-01-12",2022-01-12
147.999878,142.77356,16.51,"2022-01-13",2022-01-13
146.604858,142.302963,16.18,"2022-01-14",2022-01-14
145.387924,141.35199,16.15,"2022-01-18",2022-01-18
143.567505,141.283371,16.27,"2022-01-19",2022-01-19
141.212814,141.087296,15.98,"2022-01-20",2022-01-20
141.430466,138.675537,16.09,"2022-01-21",2022-01-21
144.448044,136.999084,16.5,"2022-01-24",2022-01-24
143.933578,133.048141,15.92,"2022-01-25",2022-01-25
142.459412,133.773605,15.5,"2022-01-26",2022-01-26
143.102493,132.273621,15.49,"2022-01-27",2022-01-27
144.359009,129.871689,15.57,"2022-01-28",2022-01-28
146.496048,133.852051,15.99,"2022-01-31",2022-01-31
146.644455,135.195175,16.190001,"2022-02-01",2022-02-01
147.129242,137.538284,16.559999,"2022-02-02",2022-02-02
143.765381,135.263809,16.16,"2022-02-03",2022-02-03
143.844528,135.979477,16.43,"2022-02-04",2022-02-04
143.597183,134.822632,16.58,"2022-02-07",2022-02-07
142.004288,134.489288,16.940001,"2022-02-08",2022-02-08
144.705292,137.538284,17.459999,"2022-02-09",2022-02-09
143.280579,135.146164,17.33,"2022-02-10",2022-02-10
138.689911,129.263855,15.36,"2022-02-11",2022-02-11
140.084915,127.656013,15.11,"2022-02-14",2022-02-14
144.032516,131.705002,15.54,"2022-02-15",2022-02-15
144.932846,131.675583,15.13,"2022-02-16",2022-02-16
141.282059,127.793266,14.47,"2022-02-17",2022-02-17
141.430466,127.293266,14.46,"2022-02-18",2022-02-18
136.721069,123.352119,14.24,"2022-02-22",2022-02-22
135.375519,119.79332,13.85,"2022-02-23",2022-02-23
135.711914,118.342346,14.86,"2022-02-24",2022-02-24
137.3246,118.901161,15.57,"2022-02-25",2022-02-25
135.098511,115.528633,15.63,"2022-02-28",2022-02-28
130.814529,111.263962,15.28,"2022-03-01",2022-03-01
134.237732,112.195328,15.36,"2022-03-02",2022-03-02
132.545914,108.058105,14.8,"2022-03-03",2022-03-03
130.081726,100.087563,14.09,"2022-03-04",2022-03-04
123.398163,92.783691,12.75,"2022-03-07",2022-03-07
120.195198,98.911102,13.05,"2022-03-08",2022-03-08
125.887138,113.607079,13.76,"2022-03-09",2022-03-09
124.974846,108.577705,13.83,"2022-03-10",2022-03-10
121.603317,108.754173,14,"2022-03-11",2022-03-11
116.585678,110.107101,14.12,"2022-03-14",2022-03-14
118.40036,109.548286,14.44,"2022-03-15",2022-03-15
124.141884,116.146286,15.19,"2022-03-16",2022-03-16
126.3433,116.83255,15.42,"2022-03-17",2022-03-17
130.141235,118.224693,15.61,"2022-03-18",2022-03-18
129.100021,115.489426,15.31,"2022-03-21",2022-03-21
131.975739,117.440392,15.39,"2022-03-22",2022-03-22
131.886505,113.107086,15.28,"2022-03-23",2022-03-23
130.974197,113.724731,15.53,"2022-03-24",2022-03-24
132.580627,114.754135,15.73,"2022-03-25",2022-03-25
133.681335,115.881577,15.85,"2022-03-28",2022-03-28
137.975082,119.097244,16.25,"2022-03-29",2022-03-29
137.380112,118.077644,16.08,"2022-03-30",2022-03-30
133.433426,114.528648,15.56,"2022-03-31",2022-03-31
132.402161,114.028648,15.39,"2022-04-01",2022-04-01
133.215271,114.803154,15.53,"2022-04-04",2022-04-04
131.192352,111.999252,15.18,"2022-04-05",2022-04-05
127.285339,108.352211,14.88,"2022-04-06",2022-04-06
128.296799,109.695343,14.84,"2022-04-07",2022-04-07
127.077095,110.107101,14.74,"2022-04-08",2022-04-08
123.93364,107.714966,14.68,"2022-04-11",2022-04-11
123.993134,106.597328,14.67,"2022-04-12",2022-04-12
126.42263,105.479683,15,"2022-04-13",2022-04-13
132.342667,106.067917,14.88,"2022-04-14",2022-04-14
130.527969,106.303207,14.84,"2022-04-18",2022-04-18
135.902588,108.528687,15.44,"2022-04-19",2022-04-19
134.732452,110.695343,15.33,"2022-04-20",2022-04-20
134.325897,108.960052,15.11,"2022-04-21",2022-04-21
127.989403,104.90126,14.34,"2022-04-22",2022-04-22
126.868858,102.322845,14.59,"2022-04-25",2022-04-25
119.510971,97.058174,13.74,"2022-04-26",2022-04-26
120.224945,94.440544,13.96,"2022-04-27",2022-04-27
125.986313,97.538559,14.43,"2022-04-28",2022-04-28
123.655983,98.107185,14.19,"2022-04-29",2022-04-29
125.024437,100.205208,14.42,"2022-05-02",2022-05-02
121.83139,99.558159,14.24,"2022-05-03",2022-05-03
125.004593,102.156174,14.42,"2022-05-04",2022-05-04
117.636803,97.420921,13.29,"2022-05-05",2022-05-05
113.531464,93.69545,9.85,"2022-05-06",2022-05-06
110.278923,89.852341,9.59,"2022-05-09",2022-05-09
108.573326,90.224884,9.59,"2022-05-10",2022-05-10
107.016464,91.322922,9.19,"2022-05-11",2022-05-11
106.996643,91.018997,9.69,"2022-05-12",2022-05-12
112.06385,94.769997,10.14,"2022-05-13",2022-05-13
111.657288,94.099998,9.99,"2022-05-16",2022-05-16
114.929665,97.040001,10.43,"2022-05-17",2022-05-17
108.45433,90.879997,9.71,"2022-05-18",2022-05-18
105.548859,91.300003,8.18,"2022-05-19",2022-05-19
107.095802,91.360001,8.48,"2022-05-20",2022-05-20
107.72052,93.669998,8.68,"2022-05-23",2022-05-23
106.391739,92.339996,8.21,"2022-05-24",2022-05-24
107.294121,91.720001,8.8,"2022-05-25",2022-05-25
111.994438,94.830002,9.13,"2022-05-26",2022-05-26
115.018906,96.739998,9.38,"2022-05-27",2022-05-27
117.854958,99.139999,9.7,"2022-05-31",2022-05-31
117.686386,97.129997,9.41,"2022-06-01",2022-06-01
122.376785,101.879997,10.06,"2022-06-02",2022-06-02
120.234535,100.300003,10.08,"2022-06-03",2022-06-03
119.518791,100.620003,10.1,"2022-06-06",2022-06-06
120.950272,100,10.11,"2022-06-07",2022-06-07
121.675957,99.650002,10.04,"2022-06-08",2022-06-08
117.89843,95.529999,9.73,"2022-06-09",2022-06-09
114.051323,92.309998,9.34,"2022-06-10",2022-06-10
109.786705,88.25,8.87,"2022-06-13",2022-06-13
110.065048,85.959999,8.66,"2022-06-14",2022-06-14
112.768959,87.57,8.79,"2022-06-15",2022-06-15
106.486351,85.029999,8.16,"2022-06-16",2022-06-16
106.705032,87.129997,8.38,"2022-06-17",2022-06-17
108.037117,87.330002,8.08,"2022-06-21",2022-06-21
104.299355,86.720001,8.12,"2022-06-22",2022-06-22
107.361137,88.540001,8.21,"2022-06-23",2022-06-23
112.242096,90.620003,8.39,"2022-06-24",2022-06-24
109.846352,91.040001,8.36,"2022-06-27",2022-06-27
102.172012,88.559998,8.11,"2022-06-28",2022-06-28
102.639236,88.510002,7.81,"2022-06-29",2022-06-29
101.595444,88.599998,7.58,"2022-06-30",2022-06-30
100.581482,88.279999,7.67,"2022-07-01",2022-07-01
103.702904,86.540001,7.92,"2022-07-05",2022-07-05
103.613441,84.120003,7.66,"2022-07-06",2022-07-06
107.490372,86.800003,7.87,"2022-07-07",2022-07-07
107.29155,85.540001,7.96,"2022-07-08",2022-07-08
104.488235,81.800003,7.61,"2022-07-11",2022-07-11
103.146217,80.400002,7.66,"2022-07-12",2022-07-12
104.488235,81.349998,7.58,"2022-07-13",2022-07-13
102.609413,78.25,7.26,"2022-07-14",2022-07-14
104.08065,80.82,7.46,"2022-07-15",2022-07-15
103.325157,83.550003,7.44,"2022-07-18",2022-07-18
108.544098,89.919998,7.86,"2022-07-19",2022-07-19
110.452736,88.059998,8.07,"2022-07-20",2022-07-20
110.959724,89.68,8.1,"2022-07-21",2022-07-21
108.474518,89.889999,7.91,"2022-07-22",2022-07-22
108.63356,90.019997,7.87,"2022-07-25",2022-07-25
104.577698,83.650002,7.41,"2022-07-26",2022-07-26
107.22197,83.330002,7.81,"2022-07-27",2022-07-27
111.566116,85.300003,8.08,"2022-07-28",2022-07-28
114.240196,86.139999,8.26,"2022-07-29",2022-07-29
113.623871,88,8.37,"2022-08-01",2022-08-01
111.108833,84.809998,8.25,"2022-08-02",2022-08-02
113.603989,87.07,8.46,"2022-08-03",2022-08-03
113.802811,89.93,8.35,"2022-08-04",2022-08-04
113.196411,87.940002,8.45,"2022-08-05",2022-08-05
113.325645,89.199997,8.71,"2022-08-08",2022-08-08
109.458656,86.699997,8.36,"2022-08-09",2022-08-09
112.470734,89.449997,8.75,"2022-08-10",2022-08-10
113.425049,88.629997,8.89,"2022-08-11",2022-08-11
115.3834,89.519997,9.05,"2022-08-12",2022-08-12
115.63192,87.940002,9.08,"2022-08-15",2022-08-15
117.361626,88.029999,9.24,"2022-08-16",2022-08-16
116.347664,86.349998,9.01,"2022-08-17",2022-08-17
115.323753,84.610001,8.8,"2022-08-18",2022-08-18
112.490616,82.730003,8.31,"2022-08-19",2022-08-19
109.687286,78.550003,8.01,"2022-08-22",2022-08-22
110.025284,77.580002,8,"2022-08-23",2022-08-23
110.750969,78.870003,8.02,"2022-08-24",2022-08-24
112.550262,79.720001,8.09,"2022-08-25",2022-08-25
107.639473,74.919998,7.8,"2022-08-26",2022-08-26
107.241844,74.5,7.68,"2022-08-29",2022-08-29
107.22197,75.580002,7.74,"2022-08-30",2022-08-30
105.820297,74.18,7.59,"2022-08-31",2022-08-31
105.860062,73.389999,7.5,"2022-09-01",2022-09-01
105.416428,72.419998,7.41,"2022-09-02",2022-09-02
104.828239,71.099998,7.41,"2022-09-06",2022-09-06
108.148048,71.639999,7.76,"2022-09-07",2022-09-07
108.397285,70.879997,7.82,"2022-09-08",2022-09-08
110.630424,73.150002,7.97,"2022-09-09",2022-09-09
112.03611,75.379997,8.17,"2022-09-12",2022-09-12
105.396492,71.029999,7.6,"2022-09-13",2022-09-13
106.672577,71.120003,7.7,"2022-09-14",2022-09-14
105.177162,68.040001,7.42,"2022-09-15",2022-09-15
103.801392,67.650002,7.31,"2022-09-16",2022-09-16
106.881935,68.959999,7.53,"2022-09-19",2022-09-19
102.10659,67.309998,7.24,"2022-09-20",2022-09-20
99.484642,66.150002,7.07,"2022-09-21",2022-09-21
98.248436,65.970001,6.79,"2022-09-22",2022-09-22
96.723114,63.41,6.65,"2022-09-23",2022-09-23
95.766052,61.75,6.78,"2022-09-26",2022-09-26
95.995346,60.919998,6.85,"2022-09-27",2022-09-27
98.397972,63.959999,7,"2022-09-28",2022-09-28
95.038284,60.630001,6.5,"2022-09-29",2022-09-29
82.865654,57.41,5.96,"2022-09-30",2022-09-30
85.138672,58.470001,6.34,"2022-10-03",2022-10-03
88.368759,62.790001,6.59,"2022-10-04",2022-10-04
90.821228,60.66,6.69,"2022-10-05",2022-10-05
89.894073,58.860001,6.52,"2022-10-06",2022-10-06
86.893288,56.169998,6.27,"2022-10-07",2022-10-07
86.424728,55.599998,6.22,"2022-10-10",2022-10-10
87.720741,55.459999,6.33,"2022-10-11",2022-10-11
88.239159,54,6.26,"2022-10-12",2022-10-12
89.285942,55.68,6.4,"2022-10-13",2022-10-13
87.282097,55.040001,6.18,"2022-10-14",2022-10-14
89.694687,58.009998,6.4,"2022-10-17",2022-10-17
89.405579,58.459999,6.44,"2022-10-18",2022-10-18
88.298973,56.41,6.2,"2022-10-19",2022-10-19
86.564301,53.939999,5.92,"2022-10-20",2022-10-20
88.229187,51.75,6.09,"2022-10-21",2022-10-21
87.740685,51.360001,6.31,"2022-10-24",2022-10-24
91.439331,50.099998,6.53,"2022-10-25",2022-10-25
92.107285,50.98,6.38,"2022-10-26",2022-10-26
90.262947,49.400002,6.32,"2022-10-27",2022-10-27
93.542877,50,6.48,"2022-10-28",2022-10-28
92.396393,48.759998,6.56,"2022-10-31",2022-10-31
93.483055,48.950001,6.66,"2022-11-01",2022-11-01
90.023682,47.119999,6.25,"2022-11-02",2022-11-02
90.123375,45.5,6.91,"2022-11-03",2022-11-03
95.49688,56.900002,7.25,"2022-11-04",2022-11-04
93.154076,57.720001,7.23,"2022-11-07",2022-11-07
93.46312,60.439999,7.03,"2022-11-08",2022-11-08
91.818169,61.77,6.82,"2022-11-09",2022-11-09
99.185555,65.43,7.55,"2022-11-10",2022-11-10
105.765358,70.790001,8.14,"2022-11-11",2022-11-11
104.070564,68,7.96,"2022-11-14",2022-11-14
106.383461,67.75,8.33,"2022-11-15",2022-11-15
104.907997,67.32,8.25,"2022-11-16",2022-11-16
105.037598,67.040001,8.19,"2022-11-17",2022-11-17
105.097412,66.739998,8.29,"2022-11-18",2022-11-18
103.512276,63.709999,7.99,"2022-11-21",2022-11-21
105.645729,63.669998,8.33,"2022-11-22",2022-11-22
106.323647,64.690002,8.43,"2022-11-23",2022-11-23
105.635757,64.360001,8.48,"2022-11-25",2022-11-25
104.638817,62.34,8.24,"2022-11-28",2022-11-28
105.924873,62.59,8.55,"2022-11-29",2022-11-29
109.354347,64.510002,8.72,"2022-11-30",2022-11-30
